ID,Year_Birth,Education,Marital_Status,Income,Kidhome,Teenhome,Dt_Customer,MntWines,NumWebPurchases,NumCatalogPurchases,NumStorePurchases,AmtTotal,%Wine_Share,Wine_Spend,Age,Purchase_Vol,Num_Children,Parent,Parent2,Loyalitas_Bulan,Education2,cluster,pca_x,pca_y
5524,1957,Graduate,Single,58138.0,0,0,2012-04-09,635,8,10,4,1617,39.3,635,57,22,0,No,0,32.7,1.0,0,1.614717617088244,2.0208503410344294
2174,1954,Graduate,Single,46344.0,1,1,2014-08-03,11,1,1,2,27,40.7,11,60,4,2,Yes,1,4.9,1.0,1,-1.7351402600003178,-1.429944754482364
4141,1965,Graduate,Together,71613.0,0,0,2013-08-21,426,8,2,10,776,54.9,426,49,20,0,No,0,16.3,1.0,0,0.9492271876544761,-0.22736574387967537
6182,1984,Graduate,Together,26646.0,1,0,2014-10-02,11,2,0,4,53,20.8,11,30,6,1,Yes,1,3.0,1.0,1,-1.9834545974406148,-1.2446145477761963
5324,1981,Postgraduate,Married,58293.0,1,0,2014-01-19,173,5,3,6,422,41.0,173,33,14,1,Yes,1,11.4,2.0,1,-0.4202452997729304,-0.5769462126734769
7446,1967,Postgraduate,Together,62513.0,0,1,2013-09-09,520,6,4,10,716,72.6,520,47,20,1,Yes,1,15.7,2.0,0,1.4475156698204332,-0.6518064966211911
965,1971,Graduate,Divorced,55635.0,0,1,2012-11-13,235,7,3,7,590,39.8,235,43,17,1,Yes,1,25.6,1.0,0,0.26413399237169904,1.1511496154334782
6177,1985,Postgraduate,Married,33454.0,1,0,2013-08-05,76,4,0,4,169,45.0,76,29,8,1,Yes,1,16.9,2.0,1,-0.9093912113238894,-0.059422410202058656
4855,1974,Postgraduate,Together,30351.0,1,0,2013-06-06,14,3,0,2,46,30.4,14,40,5,1,Yes,1,18.8,2.0,1,-1.510658901312119,0.4246581695304462
5899,1950,Postgraduate,Together,5648.0,1,1,2014-03-13,28,1,0,0,49,57.1,28,64,1,2,Yes,1,9.6,2.0,1,-1.5381067422048942,-1.2274481675676443
387,1976,Undergraduate,Married,7500.0,0,0,2012-11-13,6,2,0,3,61,9.8,6,38,5,0,No,0,25.6,0.0,1,-1.7516198001850911,1.6320627016211748
2125,1959,Graduate,Divorced,63033.0,0,0,2013-11-15,194,3,4,8,1102,17.6,194,55,15,0,No,0,13.5,1.0,1,-0.6838974527969998,0.13774654860894503
8180,1952,Postgraduate,Divorced,59354.0,1,1,2013-11-15,233,6,1,5,310,75.2,233,62,12,2,Yes,1,13.5,2.0,1,0.21602939608141106,-1.0230174258575107
2569,1987,Graduate,Married,17323.0,0,0,2012-10-10,3,1,0,3,46,6.5,3,27,4,0,No,0,26.7,1.0,1,-1.8776971200452564,1.816573088715898
2114,1946,Postgraduate,Single,82800.0,0,0,2012-11-24,1006,7,6,12,1315,76.5,1006,68,25,0,No,0,25.2,2.0,0,3.102640589334433,0.4088726621147008
9736,1980,Graduate,Married,41850.0,1,1,2012-12-24,53,3,0,3,96,55.2,53,34,6,2,Yes,1,24.2,1.0,1,-0.7598826579278453,0.5850837710258596
4939,1946,Graduate,Together,37760.0,0,0,2012-08-31,84,4,1,6,317,26.5,84,68,11,0,No,0,28.0,1.0,1,-0.7257918785908306,1.6448514877966698
6565,1949,Postgraduate,Married,76995.0,0,1,2013-03-28,1012,11,4,9,1782,56.8,1012,65,24,1,Yes,1,21.1,2.0,0,2.56461740818429,0.2988688566751426
9360,1982,Graduate,Married,37040.0,0,0,2012-08-08,86,4,2,5,316,27.2,86,32,11,0,No,0,28.7,1.0,1,-0.6923664798105389,1.7137454132164716
5376,1979,Graduate,Married,2447.0,1,0,2013-06-01,1,0,28,0,1730,0.1,1,35,28,1,Yes,1,19.0,1.0,0,-0.15650722886700308,1.2790533314776316
1993,1949,Postgraduate,Married,58607.0,0,1,2012-12-23,867,2,3,9,972,89.2,867,65,14,1,Yes,1,24.2,2.0,0,2.1203643933087313,-0.06040663048037583
4047,1954,Postgraduate,Married,65324.0,0,1,2014-11-01,384,6,2,9,544,70.6,384,60,17,1,Yes,1,2.0,2.0,0,0.5724125082785744,-2.252491877919957
1409,1951,Graduate,Together,40689.0,0,1,2013-03-18,270,7,1,5,444,60.8,270,63,13,1,Yes,1,21.5,1.0,0,0.29047251659884066,0.21177259249056601
7892,1969,Graduate,Single,18589.0,0,0,2013-02-01,6,2,1,3,75,8.0,6,45,6,0,No,0,22.9,1.0,1,-1.7644201480112396,1.3584308378488086
2404,1976,Graduate,Married,53359.0,1,1,2013-05-27,173,5,1,4,257,67.3,173,38,10,2,Yes,1,19.2,1.0,1,-0.08216176380467607,-0.21068816190633824
9422,1989,Graduate,Married,38360.0,1,0,2013-05-31,36,2,1,4,131,27.5,36,25,7,1,Yes,1,19.0,1.0,1,-1.3490012525222728,0.5239433204212296
1966,1965,Postgraduate,Married,84618.0,0,0,2013-11-22,684,6,9,10,1672,40.9,684,49,25,0,No,0,13.3,2.0,0,1.535870054147868,-0.27646627238574445
6864,1989,Postgraduate,Divorced,10979.0,0,0,2014-05-22,8,3,0,3,30,26.7,8,25,6,0,No,0,7.3,2.0,1,-1.777637671825453,-0.8515315898618586
3033,1963,Postgraduate,Together,38620.0,0,0,2013-11-05,112,2,5,3,318,35.2,112,51,10,0,No,0,13.8,2.0,1,-0.9275399791066717,-0.21630163511214814
5710,1970,Graduate,Together,40548.0,0,1,2012-10-10,110,2,1,4,120,91.7,110,44,7,1,Yes,1,26.7,1.0,1,0.17631862341511925,0.17244070345995685
7373,1952,Postgraduate,Divorced,46610.0,0,2,2012-10-29,96,4,1,6,302,31.8,96,62,11,2,Yes,1,26.1,2.0,1,-0.6481800987298727,1.3156540580638634
8755,1946,Postgraduate,Married,68657.0,0,0,2013-02-20,482,3,5,9,1196,40.3,482,68,17,0,No,0,22.3,2.0,0,0.6718154480629773,0.7322501839242703
10738,1951,Postgraduate,Single,49389.0,1,1,2013-08-29,40,2,0,3,65,61.5,40,63,5,2,Yes,1,16.1,2.0,1,-0.9420276774655528,-0.5049145686122111
4339,1970,Postgraduate,Married,67353.0,0,1,2013-12-31,702,5,6,12,913,76.9,702,44,23,1,Yes,1,12.0,2.0,0,2.044899704547341,-1.1564046885751462
8595,1973,Graduate,Widow,42429.0,0,1,2014-11-02,55,1,1,3,67,82.1,55,41,5,1,Yes,1,1.9,1.0,1,-0.8616935297717422,-2.5875647842407243
2968,1943,Postgraduate,Divorced,48948.0,0,0,2013-01-02,437,7,10,5,902,48.4,437,71,22,0,No,0,23.9,2.0,0,1.1964271010213534,0.817901386921521
8601,1980,Graduate,Married,80011.0,0,1,2013-04-29,421,8,6,5,1395,30.2,421,34,19,1,Yes,1,20.1,1.0,0,0.4823088887187515,0.695102791827656
503,1985,Postgraduate,Married,20559.0,1,0,2013-12-03,13,2,0,3,53,24.5,13,29,5,1,Yes,1,12.9,2.0,1,-1.7618304944951642,-0.15724194997966556
8430,1957,Graduate,Together,21994.0,0,1,2012-12-24,9,0,0,3,22,40.9,9,57,3,1,Yes,1,24.2,1.0,1,-1.3655549825514564,0.8373207254195152
2139,1975,Postgraduate,Married,7500.0,1,0,2013-02-10,3,2,0,3,31,9.7,3,39,5,1,Yes,1,22.6,2.0,1,-1.8298598553376748,1.2796398568593654
1371,1976,Graduate,Single,79941.0,0,0,2014-06-28,123,2,4,9,984,12.5,123,38,15,0,No,0,6.1,1.0,1,-1.0902804715244596,-0.6317117409350632
7286,1968,Graduate,Together,41728.0,1,0,2013-05-24,13,2,0,2,55,23.6,13,46,4,1,Yes,1,19.3,1.0,1,-1.7125046140273095,0.6065637612715491
6566,1954,Postgraduate,Married,72550.0,1,1,2012-08-11,826,5,2,12,1319,62.6,826,60,19,2,Yes,1,28.6,2.0,0,2.0691313667915052,1.0347522089824923
8614,1957,Graduate,Widow,65486.0,0,1,2014-12-05,245,4,2,10,507,48.3,245,57,16,1,Yes,1,0.9,1.0,1,-0.223099473522873,-1.9458396313059763
4114,1964,Postgraduate,Married,79143.0,0,0,2012-11-08,650,6,9,13,1693,38.4,650,50,28,0,No,0,25.7,2.0,0,1.9685741424839656,1.2716981171390198
1331,1977,Graduate,Single,35790.0,1,0,2013-02-01,12,2,0,3,72,16.7,12,37,5,1,Yes,1,22.9,1.0,1,-1.6744482685104376,1.177463862986659
2225,1977,Graduate,Divorced,82582.0,0,0,2014-07-06,510,4,9,7,1617,31.5,510,37,20,0,No,0,5.8,1.0,0,0.42609223005828806,-1.0171987108293081
9381,1978,Graduate,Married,66373.0,1,1,2013-12-06,328,4,2,10,606,54.1,328,36,16,2,Yes,1,12.8,1.0,0,0.3253897811511959,-0.6590852126729342
6260,1955,Postgraduate,Together,82384.0,0,0,2012-11-19,984,3,10,13,1957,50.3,984,59,26,0,No,0,25.4,2.0,0,2.6590179655978705,0.9570717316100683
10383,1966,Graduate,Divorced,70287.0,0,0,2013-02-04,295,5,5,10,1093,27.0,295,48,20,0,No,0,22.8,1.0,0,0.32756160995436284,1.0968743375612036
7437,1988,Graduate,Single,27938.0,1,0,2014-04-28,13,1,0,4,29,44.8,13,26,5,1,Yes,1,8.1,1.0,1,-1.494842011258233,-1.121753608986082
8375,1968,Postgraduate,Married,55954.0,0,1,2014-03-03,447,8,2,6,518,86.3,447,46,16,1,Yes,1,10.0,2.0,0,1.0914666596012133,-1.629169175917235
6853,1982,Postgraduate,Single,75777.0,0,0,2013-04-07,712,3,6,11,1438,49.5,712,32,20,0,No,0,20.8,2.0,0,1.5051666606775431,0.38813826737640517
3076,1975,Graduate,Together,66653.0,1,1,2012-07-09,452,4,2,12,612,73.9,452,39,18,2,Yes,1,29.7,1.0,0,1.5013848206643228,0.9622464153995033
1012,1952,Graduate,Single,61823.0,0,1,2013-02-18,523,8,2,10,884,59.2,523,62,20,1,Yes,1,22.4,1.0,0,1.360151838430591,0.4020737618397866
6518,1951,Postgraduate,Widow,67680.0,0,1,2013-11-06,546,7,3,8,606,90.1,546,63,18,1,Yes,1,13.8,2.0,0,1.6116036432536036,-1.241362972084774
4137,1948,Graduate,Together,70666.0,0,0,2013-06-12,398,7,4,4,1076,37.0,398,66,15,0,No,0,18.6,1.0,0,0.19229427454585268,0.3453260300456793
8082,1971,Graduate,Married,25721.0,1,0,2013-05-21,1,1,1,2,34,2.9,1,43,4,1,Yes,1,19.3,1.0,1,-2.1230433747524886,1.0124492527580617
1386,1967,Graduate,Together,32474.0,1,1,2014-11-05,10,1,0,2,11,90.9,10,47,3,2,Yes,1,1.8,1.0,1,-0.9548967874714084,-2.7886794791121714
4477,1958,Graduate,Together,69096.0,0,1,2013-09-27,247,5,2,10,653,37.8,247,56,17,1,Yes,1,15.1,1.0,1,0.0027704920179259475,-0.05178588793768698
1357,1970,Graduate,Together,74854.0,1,2,2013-08-04,856,2,5,5,1562,54.8,856,44,12,3,Yes,1,16.9,1.0,0,1.1147516308468464,-0.27007402020764826
1402,1954,Postgraduate,Married,66991.0,0,0,2012-11-09,496,4,8,6,1253,39.6,496,60,18,0,No,0,25.7,2.0,0,0.8501082717655423,1.1570605140522203
6312,1959,Graduate,Married,65031.0,0,1,2013-03-17,258,10,3,13,863,29.9,258,55,26,1,Yes,1,21.5,1.0,0,0.7864497747456259,0.9511512913072376
8132,1975,Postgraduate,Married,60631.0,1,1,2013-05-04,565,9,2,8,661,85.5,565,39,19,2,Yes,1,19.9,2.0,0,1.7900690334030667,-0.42149189548405536
1050,1952,Graduate,Married,28332.0,0,0,2014-04-30,14,2,1,4,65,21.5,14,62,7,0,No,0,8.0,1.0,1,-1.7625101952018984,-0.657219012866481
5846,1977,Graduate,Divorced,40246.0,1,0,2012-12-19,2,1,0,2,13,15.4,2,37,3,1,Yes,1,24.4,1.0,1,-1.8515881920124735,1.3603651732279431
1859,1972,Postgraduate,Married,75251.0,0,0,2012-08-27,721,7,6,5,1890,38.1,721,42,18,0,No,0,28.1,2.0,0,1.312080484031345,1.4527440533181197
7503,1976,Graduate,Single,75825.0,0,0,2012-12-10,1032,5,8,9,2209,46.7,1032,38,22,0,No,0,24.7,1.0,0,2.330000774387365,0.8998411929178732
1618,1965,Graduate,Together,56046.0,0,0,2013-02-01,577,10,1,8,692,83.4,577,49,19,0,No,0,22.9,1.0,0,1.8444776077070582,-0.026723797924614868
3332,1985,Graduate,Single,29760.0,1,0,2012-08-29,64,3,1,4,165,38.8,64,29,8,1,Yes,1,28.1,1.0,1,-0.7850259329174955,1.3866745482719145
2261,1969,Graduate,Married,26304.0,1,0,2013-06-23,4,1,0,2,16,25.0,4,45,3,1,Yes,1,18.3,1.0,1,-1.8115914588901918,0.4513619785607403
4119,1963,Postgraduate,Together,38620.0,0,0,2013-11-05,112,2,5,3,318,35.2,112,51,10,0,No,0,13.8,2.0,1,-0.9275399791066717,-0.21630163511214814
535,1987,Graduate,Divorced,81361.0,0,0,2014-02-25,163,3,10,13,778,21.0,163,27,26,0,No,0,10.2,1.0,0,0.17093534512884206,-0.20310949464512779
5268,1960,Graduate,Married,29440.0,1,1,2013-11-08,17,1,0,4,56,30.4,17,54,5,2,Yes,1,13.7,1.0,1,-1.624876600868033,-0.17841101935914022
273,1970,Postgraduate,Married,36138.0,1,1,2013-07-16,130,3,1,4,151,86.1,130,44,8,2,Yes,1,17.5,2.0,1,-0.02200079914615918,-0.7967156115078239
4452,1957,Graduate,Single,50388.0,0,1,2014-05-28,292,6,1,6,372,78.5,292,57,13,1,Yes,1,7.1,1.0,0,0.32531436404724584,-1.8383245449596084
8504,1973,Graduate,Married,79593.0,0,0,2014-12-05,350,5,6,7,1366,25.6,350,41,18,0,No,0,0.9,1.0,1,-0.27677697735337253,-1.4892421260396436
771,1967,Graduate,Together,54178.0,0,1,2014-01-21,135,2,2,5,194,69.6,135,47,9,1,Yes,1,11.3,1.0,1,-0.3826387840646726,-1.1968648725134166
11178,1972,Postgraduate,Single,42394.0,1,0,2014-03-23,15,1,0,3,32,46.9,15,42,4,1,Yes,1,9.3,2.0,1,-1.5078666887236947,-1.031450206048736
2230,1970,Postgraduate,Married,23626.0,1,0,2014-05-24,27,3,1,3,43,62.8,27,44,7,1,Yes,1,7.3,2.0,1,-0.9809716908216295,-1.5489279049872622
7516,1983,Graduate,Married,30096.0,1,0,2014-05-22,5,2,0,3,45,11.1,5,31,5,1,Yes,1,7.3,1.0,1,-2.159800015955643,-0.5564165485551138
7247,1960,Graduate,Widow,47916.0,0,1,2012-11-22,505,7,4,6,606,83.3,505,54,17,1,Yes,1,25.3,1.0,0,1.5914985415674072,0.24386554692608753
11100,1972,Graduate,Divorced,51813.0,1,1,2013-11-04,51,2,0,3,63,81.0,51,42,5,2,Yes,1,13.9,1.0,1,-0.607638893766659,-1.1472947015772432
3037,1983,Postgraduate,Married,50150.0,0,0,2013-06-20,135,5,2,7,410,32.9,135,31,14,0,No,0,18.4,2.0,1,-0.4803643814294857,0.4118711623745194
1016,1959,Postgraduate,Single,34554.0,0,1,2014-03-30,41,2,0,3,55,74.5,41,55,5,1,Yes,1,9.1,2.0,1,-0.861500854949642,-1.5867390012519311
4518,1979,Graduate,Together,85693.0,0,1,2013-04-20,386,9,5,11,1169,33.0,386,35,25,1,Yes,1,20.4,1.0,0,0.9808261456113722,0.7403074569692467
9370,1945,Postgraduate,Married,65846.0,0,0,2013-05-17,562,6,3,6,1120,50.2,562,69,15,0,No,0,19.5,2.0,0,0.7765461404986977,0.18082763206168792
8908,1959,Graduate,Married,87195.0,0,0,2014-08-05,217,3,11,5,1097,19.8,217,55,19,0,No,0,4.9,1.0,1,-0.4630861595169188,-0.8824016942962991
8373,1979,Undergraduate,Together,24594.0,1,0,2013-10-12,1,1,0,3,29,3.4,1,35,4,1,Yes,1,14.6,0.0,1,-2.224272577476438,0.44711114864900037
7533,1964,Graduate,Married,49096.0,1,1,2013-09-24,144,4,1,4,187,77.0,144,50,9,2,Yes,1,15.2,1.0,1,-0.13503595089179427,-0.8813335778898751
2683,1969,Graduate,Married,52413.0,0,2,2013-02-02,295,6,4,12,910,32.4,295,45,22,2,Yes,1,22.9,1.0,0,0.5998124701737708,1.02366023030514
3629,1978,Graduate,Single,38557.0,1,0,2012-12-19,76,3,1,3,145,52.4,76,36,7,1,Yes,1,24.4,1.0,1,-0.6788430544319846,0.6720318195113271
10991,1960,Postgraduate,Married,89058.0,0,0,2012-07-12,454,5,4,4,850,53.4,454,54,13,0,No,0,29.6,2.0,0,0.6971312419707661,1.2998010404767233
5077,1979,Graduate,Together,77298.0,0,1,2013-02-11,425,6,6,11,969,43.9,425,35,23,1,Yes,1,22.6,1.0,0,1.1429111800506526,0.7635006398432277
7431,1991,Postgraduate,Single,68126.0,0,0,2012-10-11,1332,7,4,5,1820,73.2,1257,23,16,0,No,0,26.6,2.0,0,2.7977479379395755,0.5268287955819303
3267,1963,Postgraduate,Together,57288.0,0,1,2014-06-25,527,8,1,8,608,86.7,527,51,17,1,Yes,1,6.2,2.0,0,1.2481190192617557,-2.082032955738636
999,1991,Graduate,Single,86037.0,0,0,2013-02-01,490,6,7,11,730,67.1,490,23,24,0,No,0,22.9,1.0,0,1.7938457025999512,0.35038478596506306
9215,1980,Postgraduate,Married,43974.0,1,0,2012-12-12,378,6,4,6,551,68.6,378,34,16,1,Yes,1,24.6,2.0,0,0.9707614848023534,0.44819284320194447
2286,1962,Graduate,Single,50785.0,1,1,2013-10-09,64,2,1,3,114,56.1,64,52,6,2,Yes,1,14.7,1.0,1,-0.9453685107115182,-0.5563046706916125
1592,1970,Graduate,Married,90765.0,0,0,2014-01-24,547,4,6,5,1724,31.7,547,44,15,0,No,0,11.2,1.0,0,0.2061088631675005,-0.43718385398666787
9862,1969,Graduate,Together,21918.0,1,0,2013-11-14,1,2,0,3,33,3.0,1,45,5,1,Yes,1,13.5,1.0,1,-2.1732243095293646,0.33521627700229667
9805,1953,Postgraduate,Together,56129.0,0,1,2013-06-20,320,6,2,10,660,48.5,320,61,18,1,Yes,1,18.4,2.0,0,0.5057624309309283,0.13363304566234513
6205,1967,Postgraduate,Single,32557.0,1,0,2014-02-24,34,2,1,3,80,42.5,34,47,6,1,Yes,1,10.2,2.0,1,-1.3635931693947843,-0.8198463335600258
8442,1985,Postgraduate,Married,19510.0,2,0,2013-04-09,9,1,0,3,30,30.0,9,29,4,2,Yes,1,20.7,2.0,1,-1.5674914087407632,0.6471520282001223
7386,1976,Graduate,Divorced,30992.0,1,0,2013-04-22,17,1,0,3,43,39.5,17,38,4,1,Yes,1,20.3,1.0,1,-1.3836880190318495,0.4134024605267969
7215,1983,Graduate,Single,101970.0,0,0,2013-12-03,722,6,8,13,1135,63.6,722,31,27,0,No,0,12.9,1.0,0,2.1933638480547915,-0.750157291433826
11071,1984,Graduate,Single,79607.0,0,0,2013-04-21,450,3,6,6,1923,23.4,450,30,15,0,No,0,20.3,1.0,0,0.07796467780315082,0.808323037303545
3381,1953,Postgraduate,Married,54348.0,1,1,2014-08-06,70,2,0,4,90,77.8,70,61,6,2,Yes,1,4.8,2.0,1,-0.7606147551288448,-2.151505459747974
11051,1956,Postgraduate,Together,77376.0,1,1,2014-10-05,492,6,3,10,661,74.4,492,58,19,2,Yes,1,2.9,2.0,0,1.0416579619734847,-2.2081698209036253
8026,1952,Graduate,Married,62998.0,0,1,2013-09-30,120,5,4,5,463,25.9,120,62,14,1,Yes,1,15.0,1.0,1,-0.7202783807454175,0.1480789627328512
433,1958,Postgraduate,Alone,61331.0,1,1,2013-10-03,534,11,1,6,632,84.5,534,56,18,2,Yes,1,14.9,2.0,0,1.5095538302906324,-1.0008593556822178
9597,1969,Graduate,Married,73448.0,0,0,2014-10-02,236,7,2,9,725,32.6,236,45,18,0,No,0,3.0,1.0,1,-0.31603432112376345,-1.3691672573304614
5290,1964,Postgraduate,Married,41551.0,1,1,2013-08-14,220,5,1,5,279,78.9,220,50,11,2,Yes,1,16.6,2.0,1,0.2487501686337335,-0.7382719853259484
1685,1967,Postgraduate,Together,62981.0,0,0,2013-03-17,796,4,5,13,1482,53.7,796,47,22,0,No,0,21.5,2.0,0,1.9309444761591423,0.40284495260024694
5342,1976,Undergraduate,Divorced,9548.0,1,0,2012-08-08,0,1,0,3,29,0.0,0,38,4,1,Yes,1,28.7,0.0,1,-1.9580717779166168,2.1803728282378896
9579,1959,Postgraduate,Married,33762.0,2,1,2013-07-07,53,2,2,2,106,50.0,53,55,6,3,Yes,1,17.8,2.0,1,-1.007790846236135,-0.06968951474420873
7660,1973,Postgraduate,Alone,35860.0,1,1,2014-05-19,15,1,1,2,49,30.6,15,41,4,2,Yes,1,7.4,2.0,1,-1.8576377878532602,-0.9371551804433367
1461,1965,Postgraduate,Divorced,36921.0,1,1,2013-07-28,17,2,0,3,38,44.7,17,49,5,2,Yes,1,17.1,2.0,1,-1.2772431375110198,-0.056274206225915294
821,1992,Postgraduate,Single,92859.0,0,0,2012-10-19,962,5,4,12,2077,46.3,962,22,21,0,No,0,26.4,2.0,0,2.143207215168096,1.1037065169624962
11084,1976,Postgraduate,Together,65104.0,0,1,2013-11-14,738,3,5,7,1053,70.1,738,38,15,1,Yes,1,13.5,2.0,0,1.3469659542238088,-0.9312743140961699
8690,1962,Graduate,Married,86111.0,0,0,2013-04-19,399,5,7,10,1385,28.8,399,52,22,0,No,0,20.4,1.0,0,0.6740214522545758,0.7905598665971261
2937,1974,Postgraduate,Single,68352.0,0,1,2013-08-28,614,8,5,9,871,70.5,614,40,22,1,Yes,1,16.1,2.0,0,1.7675959436664173,-0.5500832173304399
9701,1988,Graduate,Together,41883.0,1,0,2013-03-19,32,4,2,3,312,10.3,32,26,9,1,Yes,1,21.4,1.0,1,-1.4533158660093761,1.1650361334225525
9949,1976,Graduate,Married,59809.0,0,2,2012-10-18,598,3,3,6,877,68.2,598,38,12,2,Yes,1,26.4,1.0,0,1.091901971038392,0.6106055588411581
10837,1975,Graduate,Married,23957.0,1,0,2012-10-28,2,2,0,3,68,2.9,2,39,5,1,Yes,1,26.1,1.0,1,-1.8767014743766726,1.8264596162505218
3120,1981,Graduate,Together,38547.0,1,0,2013-08-28,6,1,0,2,22,27.3,6,33,3,1,Yes,1,16.1,1.0,1,-1.8164555213956843,0.1461644802679111
4050,1966,Postgraduate,Married,49605.0,0,0,2014-06-21,42,2,1,4,127,33.1,42,48,7,0,No,0,6.3,2.0,1,-1.5314517015671272,-1.0872582531043589
3830,1953,Postgraduate,Married,59354.0,0,2,2014-04-24,295,4,4,7,459,64.3,295,61,15,2,Yes,1,8.2,2.0,0,0.26004792874389754,-1.410125935235501
7987,1969,Graduate,Married,65747.0,0,1,2014-07-03,346,8,1,6,460,75.2,346,45,15,1,Yes,1,5.9,1.0,0,0.5082090241047782,-1.899166506769675
92,1988,Graduate,Alone,34176.0,1,0,2014-12-05,5,3,0,4,89,5.6,5,26,7,1,Yes,1,0.9,1.0,1,-2.2444896756017347,-1.1847135206806232
7055,1952,Postgraduate,Together,61010.0,0,1,2012-09-10,888,8,5,11,1021,87.0,888,62,24,1,Yes,1,27.7,2.0,0,3.0461751825199768,0.49776218349322937
10240,1949,Graduate,Together,69372.0,0,0,2013-02-19,997,10,4,6,1381,72.2,997,65,20,0,No,0,22.3,1.0,0,2.5145024576325263,0.09938034603469123
3025,1958,Graduate,Single,49967.0,0,1,2013-08-07,212,6,1,5,306,69.3,212,56,12,1,Yes,1,16.8,1.0,1,0.14278599585060214,-0.5159031258089741
9283,1978,Graduate,Single,60199.0,1,2,2013-12-09,8,0,0,3,18,44.4,8,36,3,3,Yes,1,12.7,1.0,1,-1.5725624073914175,-0.5904139588406531
9970,1977,Graduate,Together,55375.0,0,1,2013-10-17,42,1,1,6,162,25.9,42,37,8,1,Yes,1,14.5,1.0,1,-1.388848928425515,0.033169833684537485
2730,1955,Graduate,Single,80317.0,0,0,2013-08-20,536,3,4,10,1231,43.5,536,59,17,0,No,0,16.4,1.0,0,0.6969417924148769,-0.03191696670014191
2795,1958,Postgraduate,Single,30523.0,2,1,2013-01-07,5,1,0,2,13,38.5,5,56,3,3,Yes,1,23.8,2.0,1,-1.427592308306577,0.8372996693494789
9260,1945,Postgraduate,Married,70356.0,0,0,2012-05-11,1349,10,6,9,1706,79.1,1257,69,25,0,No,0,31.7,2.0,0,3.787918757101776,1.1069761896756685
8182,1984,Graduate,Married,23228.0,1,0,2014-05-01,53,3,0,4,121,43.8,53,30,7,1,Yes,1,8.0,1.0,1,-1.2699972439382476,-1.0964877499421948
10095,1975,Postgraduate,Divorced,74165.0,0,0,2013-01-05,1001,5,4,10,1293,77.4,1001,39,19,0,No,0,23.8,2.0,0,2.5704091641481583,0.1643443701469158
8475,1973,Postgraduate,Married,118183.75,0,1,2014-01-03,20,0,22,0,1608,1.2,20,41,22,1,Yes,1,11.9,2.0,1,-0.7728636403881145,0.35500177595519833
4370,1966,Graduate,Together,43482.0,2,1,2013-11-13,18,2,0,4,88,20.5,18,48,6,3,Yes,1,13.6,1.0,1,-1.7261711969030056,0.013671785454918078
10573,1953,Graduate,Divorced,62551.0,0,0,2013-11-18,125,6,7,4,421,29.7,125,61,17,0,No,0,13.4,1.0,1,-0.42392055526696143,-0.0848617165355881
3712,1959,Graduate,Divorced,52332.0,0,0,2013-08-28,212,3,2,6,259,81.9,212,55,11,0,No,0,16.1,1.0,0,0.27771662305323075,-0.8554467337003913
6637,1988,Graduate,Single,66951.0,0,0,2013-02-11,277,3,4,7,1117,24.8,277,26,14,0,No,0,22.6,1.0,1,-0.2595044982996413,1.0558388894761699
3152,1957,Graduate,Together,26091.0,1,1,2014-02-25,15,2,1,3,89,16.9,15,57,6,2,Yes,1,10.2,1.0,1,-1.8793278199276002,-0.3175609338573802
5610,1965,Graduate,Together,33456.0,1,1,2014-04-21,7,1,0,3,36,19.4,7,49,4,2,Yes,1,8.3,1.0,1,-2.061493266013235,-0.61104626358297
6460,1982,Graduate,Married,28718.0,1,0,2013-07-13,12,2,0,3,57,21.1,12,32,5,1,Yes,1,17.6,1.0,1,-1.7168037873447348,0.46490681455964933
1349,1970,Graduate,Married,50447.0,2,0,2014-04-21,85,3,1,3,148,57.4,85,44,7,2,Yes,1,8.3,1.0,1,-0.9467410453058228,-1.3295550142809873
1880,1959,Postgraduate,Together,53537.0,1,1,2014-01-30,81,2,1,3,93,87.1,81,55,6,2,Yes,1,11.0,2.0,1,-0.4194810447947519,-1.6014305889452587
641,1967,Graduate,Single,52074.0,0,1,2014-04-04,59,2,2,2,119,49.6,59,47,6,1,Yes,1,8.9,1.0,1,-1.2131246137355167,-1.114338023174638
8717,1975,Postgraduate,Married,80427.0,0,1,2012-12-09,1149,11,8,8,1835,62.6,1149,39,27,1,Yes,1,24.7,2.0,0,3.2751226800187516,0.6312812475216744
10314,1948,Postgraduate,Married,83837.0,0,0,2012-12-16,847,9,10,5,1318,64.3,847,66,24,0,No,0,24.5,2.0,0,2.467028641647091,0.566759253196031
10854,1970,Postgraduate,Married,38853.0,1,1,2014-05-23,29,2,0,3,45,64.4,29,44,5,2,Yes,1,7.3,2.0,1,-1.1160058196635092,-1.600990720233862
10492,1959,Graduate,Together,38285.0,2,1,2014-06-24,2,0,0,3,10,20.0,2,55,3,3,Yes,1,6.2,1.0,1,-2.1937267215482117,-0.8809297044859161
7698,1976,Postgraduate,Married,51650.0,0,1,2014-11-05,152,4,1,4,191,79.6,152,38,9,1,Yes,1,1.8,2.0,1,-0.3862498651876232,-2.51674194351346
10562,1946,Postgraduate,Married,66835.0,0,0,2013-09-28,620,6,4,13,1033,60.0,620,68,23,0,No,0,15.1,2.0,0,1.6435307094902287,-0.45303113926348887
10796,1984,Postgraduate,Married,30477.0,1,0,2014-01-22,47,1,1,3,66,71.2,47,30,5,1,Yes,1,11.3,2.0,1,-0.8599364523241376,-1.2625950917222646
2563,1961,Undergraduate,Married,28249.0,0,0,2014-06-15,1,2,0,3,43,2.3,1,53,5,0,No,0,6.5,0.0,1,-2.351029401771106,-0.47851392898684975
3518,1983,Graduate,Married,25271.0,1,0,2012-05-12,10,1,1,2,50,20.0,10,31,4,1,Yes,1,31.6,1.0,1,-1.4962534444106854,2.1311260170952426
5823,1970,Postgraduate,Single,32303.0,0,1,2014-08-03,35,1,0,4,39,89.7,35,44,5,1,Yes,1,4.9,2.0,1,-0.687406900267284,-2.3800931026893575
3934,1966,Graduate,Married,61286.0,0,1,2013-02-08,356,7,1,8,608,58.6,356,48,16,1,Yes,1,22.7,1.0,0,0.6965051390560578,0.420935547157695
6982,1976,Graduate,Married,74068.0,0,0,2013-03-19,783,4,10,9,1581,49.5,783,38,23,0,No,0,21.4,1.0,0,1.9093512484120494,0.4844965297340748
6431,1964,Postgraduate,Married,45759.0,1,1,2013-02-23,42,2,0,3,68,61.8,42,50,5,2,Yes,1,22.2,2.0,1,-0.7890310961282931,0.21010358272050986
9733,1978,Undergraduate,Together,24882.0,1,0,2012-09-09,1,1,1,2,80,1.2,1,36,4,1,Yes,1,27.7,0.0,1,-1.9572151089445928,2.0386162645931494
5602,1989,Postgraduate,Together,66973.0,0,0,2013-05-17,466,8,7,12,1282,36.3,466,25,27,0,No,0,19.5,2.0,0,1.344405175259744,0.5838039444490079
1324,1988,Graduate,Married,38872.0,1,0,2013-05-30,23,3,0,3,91,25.3,23,26,6,1,Yes,1,19.1,1.0,1,-1.4972905093436333,0.5695016858441702
326,1973,Graduate,Married,51148.0,1,1,2013-02-18,235,5,1,6,315,74.6,235,41,12,2,Yes,1,22.4,1.0,0,0.4180635037008047,0.04057749380975579
7224,1977,Graduate,Married,31353.0,1,1,2013-12-29,10,1,1,2,31,32.3,10,37,4,2,Yes,1,12.1,1.0,1,-1.7248690907399662,-0.41447077009776195
6999,1980,Postgraduate,Married,69661.0,0,0,2014-05-13,656,7,3,12,834,78.7,656,34,22,0,No,0,7.6,2.0,0,1.8020008694094396,-1.7184706150626745
9938,1954,Graduate,Married,80067.0,0,0,2013-09-19,519,4,6,6,1600,32.4,519,60,16,0,No,0,15.4,1.0,0,0.34849283345181703,0.05803929712761208
6422,1954,Graduate,Married,86718.0,0,0,2013-01-17,344,5,6,5,1270,27.1,344,60,16,0,No,0,23.4,1.0,0,0.1003073702836159,1.1208470559852404
3182,1973,Postgraduate,Single,46854.0,1,1,2014-03-31,96,5,1,3,263,36.5,96,41,9,2,Yes,1,9.0,2.0,1,-1.131398219676456,-0.8181806228997256
7300,1952,Graduate,Divorced,69142.0,0,1,2014-06-29,448,8,1,7,535,83.7,448,62,16,1,Yes,1,6.1,1.0,0,0.952969157695387,-2.0393753801644463
10424,1968,Graduate,Single,75922.0,0,0,2013-09-12,265,4,4,9,1295,20.5,265,46,17,0,No,0,15.6,1.0,1,-0.2745602520990498,0.34437285033235554
8727,1978,Graduate,Divorced,63693.0,0,1,2013-10-14,587,11,6,9,1150,51.0,587,36,26,1,Yes,1,14.6,1.0,0,1.652983687868065,-0.30260762503776506
2798,1977,Postgraduate,Together,102160.0,0,0,2012-02-11,763,7,9,10,1240,61.5,763,37,26,0,No,0,34.6,2.0,0,2.6592341720960064,1.8424764262152122
1030,1965,Postgraduate,Single,40637.0,1,1,2013-07-17,22,1,0,3,38,57.9,22,49,4,2,Yes,1,17.5,2.0,1,-1.095566006561902,-0.27791748946466016
624,1984,Postgraduate,Single,18890.0,0,0,2012-10-11,6,0,1,2,35,17.1,6,30,3,0,No,0,26.6,2.0,1,-1.7602993613498763,1.586846837397797
5176,1988,Graduate,Together,29604.0,1,0,2013-08-12,7,1,0,3,53,13.2,7,26,4,1,Yes,1,16.6,1.0,1,-1.9822385074087563,0.49133521735048274
5552,1963,Postgraduate,Divorced,48721.0,1,1,2013-05-13,81,4,2,5,293,27.6,81,51,11,2,Yes,1,19.6,2.0,1,-0.9086305667311874,0.6306537825871027
868,1966,Graduate,Married,44794.0,0,1,2014-08-06,54,2,0,3,65,83.1,54,48,5,1,Yes,1,4.8,1.0,1,-0.7766702857712624,-2.264260812524855
380,1954,Graduate,Divorced,64497.0,0,1,2012-10-09,1170,11,4,9,1804,64.9,1170,60,24,1,Yes,1,26.7,1.0,0,3.1524442965270842,0.790162372824317
2677,1956,Graduate,Together,46097.0,0,1,2013-03-31,72,3,1,6,241,29.9,72,58,10,1,Yes,1,21.0,1.0,1,-0.9344033122880298,0.741533439867045
6521,1954,Graduate,Together,77972.0,0,0,2014-03-18,613,4,6,9,1101,55.7,613,60,19,0,No,0,9.5,1.0,0,1.0801344732632387,-1.0715234673021792
6927,1968,Postgraduate,Married,44377.0,1,1,2012-05-10,224,5,1,5,264,84.8,224,46,11,2,Yes,1,31.7,2.0,0,0.7221710326283437,0.9308690181891424
2877,1974,Postgraduate,Together,46014.0,1,1,2013-01-21,410,7,1,8,541,75.8,410,40,16,2,Yes,1,23.3,2.0,0,1.1365906328540876,0.15120505258023023
0,1985,Graduate,Married,70951.0,0,0,2013-04-05,239,3,4,9,1198,19.9,239,29,16,0,No,0,20.9,1.0,1,-0.2956038282012928,0.9742905881499456
1584,1977,Graduate,Married,41443.0,1,0,2014-01-04,171,8,1,5,482,35.5,171,37,14,1,Yes,1,11.9,1.0,1,-0.5152710054480442,-0.4100921289630252
6274,1948,Postgraduate,Married,83790.0,0,0,2013-11-15,1076,8,10,6,1615,66.6,1076,66,24,0,No,0,13.5,2.0,0,2.692537750430104,-0.796133083998057
1377,1954,Postgraduate,Widow,44551.0,0,1,2013-08-31,182,4,1,5,285,63.9,182,60,10,1,Yes,1,16.0,2.0,1,-0.20374537706132195,-0.5231181624297087
454,1980,Graduate,Together,69508.0,1,0,2012-11-14,824,11,4,11,1135,72.6,824,34,26,1,Yes,1,25.5,1.0,0,2.770410159085763,0.5449682827457638
2075,1969,Graduate,Married,72460.0,0,0,2013-11-14,377,3,5,7,1047,36.0,377,45,15,0,No,0,13.5,1.0,1,0.013112806783927898,-0.23632921988022645
4785,1970,Postgraduate,Together,77622.0,0,2,2014-04-14,520,6,3,11,714,72.8,520,44,20,2,Yes,1,8.6,2.0,0,1.2842017799673402,-1.4949640166221327
9076,1980,Postgraduate,Married,30732.0,1,0,2013-05-01,155,4,1,4,185,83.8,155,34,9,1,Yes,1,20.0,2.0,1,0.12636771976482505,-0.44783537640721555
7079,1962,Graduate,Divorced,63887.0,0,1,2012-08-09,897,9,6,12,1245,72.0,897,52,27,1,Yes,1,28.7,1.0,0,3.0595619194571904,0.9396320789902881
4653,1978,Graduate,Together,42011.0,1,0,2013-03-26,131,3,1,4,189,69.3,131,36,8,1,Yes,1,21.2,1.0,1,-0.24743944927632647,-0.030776440593910402
7375,1976,Graduate,Together,51369.0,0,1,2012-10-25,297,8,2,4,576,51.6,297,38,14,1,Yes,1,26.2,1.0,0,0.36532095153319905,0.9555330334934695
709,1952,Graduate,Divorced,51537.0,0,1,2012-09-12,787,2,2,11,1103,71.4,787,62,15,1,Yes,1,27.6,1.0,0,1.7974806517620612,0.7061843755273502
460,1972,Postgraduate,Married,79930.0,0,0,2012-08-08,792,3,5,8,1753,45.2,792,42,16,0,No,0,28.7,2.0,0,1.4270633623158413,1.35868461994411
3726,1986,Postgraduate,Together,34320.0,1,0,2014-02-16,4,1,0,2,17,23.5,4,28,3,1,Yes,1,10.4,2.0,1,-2.0255453435913893,-0.4531007443344843
6798,1966,Graduate,Single,37070.0,1,1,2013-03-20,231,5,1,8,433,53.3,231,48,14,2,Yes,1,21.4,1.0,0,0.15701543386392472,0.3599879033586629
1606,1971,Graduate,Together,38590.0,1,0,2013-05-15,3,1,0,2,22,13.6,3,43,3,1,Yes,1,19.5,1.0,1,-1.9986423031160607,0.8163048328448751
9617,1951,Graduate,Single,15033.0,0,0,2014-04-16,0,1,0,3,19,0.0,0,63,4,0,No,0,8.5,1.0,1,-2.43336078500914,-0.20733790410268563
3233,1965,Postgraduate,Married,62745.0,0,1,2013-03-23,562,7,8,11,1117,50.3,562,49,26,1,Yes,1,21.3,2.0,0,1.7493529861039232,0.5049778969436397
2936,1982,Postgraduate,Together,23661.0,1,0,2013-04-12,18,1,0,3,23,78.3,18,32,4,1,Yes,1,20.6,2.0,1,-0.648533613910617,-0.3102693741740289
9449,1958,Postgraduate,Single,79761.0,0,1,2013-04-10,415,5,2,11,605,68.6,415,56,18,1,Yes,1,20.7,2.0,0,1.1191301256138328,0.004953433717804191
7297,1973,Graduate,Single,7500.0,1,0,2013-12-26,5,3,1,3,57,8.8,5,41,7,1,Yes,1,12.2,1.0,1,-1.9187199832583453,0.08838350927153299
313,1968,Graduate,Widow,73455.0,0,0,2013-10-28,901,6,5,10,2088,43.2,901,46,21,0,No,0,14.1,1.0,0,1.6782327262574184,-0.2848466191782376
9940,1958,Graduate,Together,64961.0,0,1,2012-12-23,382,6,4,4,1009,37.9,382,56,14,1,Yes,1,24.2,1.0,0,0.2256530103678194,0.980588776176114
10735,1971,Graduate,Single,22804.0,1,0,2013-07-31,14,2,0,2,26,53.8,14,43,4,1,Yes,1,17.0,1.0,1,-1.1994809295690105,-0.25619285634241123
9529,1990,Graduate,Married,73687.0,0,0,2013-11-28,559,3,9,9,1627,34.4,559,24,21,0,No,0,13.1,1.0,0,0.8309703644949484,-0.20452143831539352
6439,1958,Graduate,Married,61074.0,0,1,2012-08-17,789,11,5,8,1102,71.6,789,56,24,1,Yes,1,28.4,1.0,0,2.5836506793162095,0.8894132633145057
7411,1964,Postgraduate,Married,31686.0,1,1,2014-05-06,11,1,0,3,17,64.7,11,50,4,2,Yes,1,7.9,2.0,1,-1.2153762966235981,-1.5448532857244635
2176,1972,Graduate,Married,80134.0,1,0,2013-05-20,1218,5,3,6,1690,72.1,1218,42,14,1,Yes,1,19.4,1.0,0,2.3637643723868584,-0.32031681973690557
9265,1953,Graduate,Married,75027.0,0,1,2013-09-01,925,9,4,6,1390,66.5,925,61,19,1,Yes,1,16.0,1.0,0,2.036428480611311,-0.5385426684526013
8867,1988,Postgraduate,Married,67546.0,0,0,2012-08-31,864,4,10,5,2126,40.6,864,26,19,0,No,0,28.0,2.0,0,1.7164948870156214,1.3912923685543133
8932,1969,Postgraduate,Together,65176.0,0,1,2012-10-29,960,9,6,6,1531,62.7,960,45,21,1,Yes,1,26.1,2.0,0,2.43923172693613,0.7475616790009294
10236,1975,Postgraduate,Single,31160.0,1,0,2013-09-16,16,2,0,3,64,25.0,16,39,5,1,Yes,1,15.5,2.0,1,-1.6855158280647655,0.140074176874317
6340,1985,Graduate,Single,29938.0,1,0,2013-10-27,3,1,0,3,26,11.5,3,29,4,1,Yes,1,14.1,1.0,1,-2.08058608570144,0.22939250270032338
10089,1974,Graduate,Divorced,102692.0,0,0,2013-05-04,168,6,9,13,1112,15.1,168,40,28,0,No,0,19.9,1.0,0,0.46721388377209533,1.0791096750658622
10992,1967,Graduate,Together,75702.0,1,1,2012-08-29,650,4,6,11,1148,56.6,650,47,21,2,Yes,1,28.1,1.0,0,1.7747533045965855,1.1272089453849057
5304,1974,Postgraduate,Single,30899.0,1,0,2012-10-13,24,1,0,3,33,72.7,24,40,4,1,Yes,1,26.6,2.0,1,-0.6006044879821131,0.5080434157271689
309,1961,Postgraduate,Together,63342.0,0,1,2012-10-16,918,8,3,5,1101,83.4,918,53,16,1,Yes,1,26.5,2.0,0,2.333040881491313,0.3416032269588845
3406,1964,Graduate,Single,45989.0,0,1,2012-10-22,138,3,2,7,322,42.9,138,50,12,1,Yes,1,26.3,1.0,1,-0.2703793821506728,1.1292072369186983
2661,1964,Graduate,Single,18701.0,1,1,2013-04-06,12,2,0,4,44,27.3,12,50,6,2,Yes,1,20.8,1.0,1,-1.4410566027538898,0.7321692648849079
3153,1957,Postgraduate,Single,40737.0,2,1,2013-08-12,11,1,0,2,17,64.7,11,57,3,3,Yes,1,16.6,2.0,1,-1.0950892327263988,-0.5267864846425991
10264,1979,Graduate,Divorced,15287.0,1,0,2012-10-10,1,1,1,2,31,3.2,1,35,4,1,Yes,1,26.7,1.0,1,-1.943312893788562,1.8812861766550344
1184,1968,Postgraduate,Divorced,69674.0,0,2,2013-05-22,554,10,2,10,845,65.6,554,46,22,2,Yes,1,19.3,2.0,0,1.6355621824980662,-0.07134526119346318
4200,1970,Postgraduate,Married,44159.0,1,0,2014-06-17,167,4,1,6,275,60.7,167,44,11,1,Yes,1,6.5,2.0,1,-0.4316510170266895,-1.5719885730310759
9396,1978,Postgraduate,Married,37717.0,1,0,2012-11-23,9,1,0,2,25,36.0,9,36,3,1,Yes,1,25.2,2.0,1,-1.4337326898958191,1.0513843635464195
2387,1952,Postgraduate,Together,43776.0,1,1,2013-03-02,177,5,2,4,275,64.4,177,62,11,2,Yes,1,22.0,2.0,1,0.021569019470546694,0.18701041464644547
6690,1966,Postgraduate,Married,38179.0,1,1,2013-03-14,38,3,1,3,90,42.2,38,48,7,2,Yes,1,21.6,2.0,1,-1.0088508346238512,0.5435377945232928
1225,1963,Graduate,Married,80124.0,0,0,2014-06-26,483,3,7,8,1495,32.3,483,51,18,0,No,0,6.2,1.0,0,0.2296141169835375,-1.0040932938982101
9703,1970,Postgraduate,Married,38097.0,1,1,2012-10-15,77,3,2,2,184,41.8,77,44,7,2,Yes,1,26.5,2.0,1,-0.8258910994280213,1.1275529702186124
291,1970,Graduate,Married,72940.0,0,0,2013-06-19,182,3,3,6,981,18.6,182,44,12,0,No,0,18.4,1.0,1,-0.8262627806256466,0.6673947476419613
4557,1970,Graduate,Together,22070.0,1,0,2013-04-10,10,2,2,2,67,14.9,10,44,6,1,Yes,1,20.7,1.0,1,-1.6793380437234844,0.9630879704977303
2379,1953,Graduate,Single,69267.0,0,0,2012-09-22,778,3,4,5,1635,47.6,778,61,12,0,No,0,27.3,1.0,0,1.0743956718557597,1.1061127060906724
5726,1983,Postgraduate,Single,31788.0,1,0,2014-03-20,16,3,0,4,60,26.7,16,31,7,1,Yes,1,9.4,2.0,1,-1.6283937939580153,-0.593617455584433
3066,1975,Postgraduate,Together,61905.0,0,1,2014-04-02,167,4,2,4,231,72.3,167,39,10,1,Yes,1,9.0,2.0,1,-0.24014276873129384,-1.5137176826306853
6336,1960,Graduate,Married,29315.0,1,1,2014-06-04,13,2,0,4,48,27.1,13,54,6,2,Yes,1,6.9,1.0,1,-1.769928043621697,-0.9070238589770047
10967,1963,Graduate,Divorced,33378.0,1,1,2013-06-02,33,2,0,4,99,33.3,33,51,6,2,Yes,1,19.0,1.0,1,-1.3306478956764969,0.4004038879210445
2304,1963,Postgraduate,Together,66313.0,0,1,2013-09-16,625,6,3,12,770,81.2,625,51,21,1,Yes,1,15.5,2.0,0,1.8905167187559737,-0.8414844306976161
3445,1956,Graduate,Single,60714.0,0,0,2013-01-17,216,7,4,10,957,22.6,216,58,21,0,No,0,23.4,1.0,0,0.19151343252941874,1.2702703003860683
7828,1981,Postgraduate,Together,77882.0,0,0,2014-04-30,68,3,3,5,818,8.3,68,33,11,0,No,0,8.0,2.0,1,-1.56783261079216,-0.3619328446927037
3762,1986,Postgraduate,Single,69867.0,0,0,2013-02-04,196,3,5,8,925,21.2,196,28,16,0,No,0,22.8,2.0,1,-0.30942917905722633,1.1767607004557143
4391,1968,Postgraduate,Divorced,63841.0,0,1,2013-04-21,635,9,3,9,908,69.9,635,46,21,1,Yes,1,20.3,2.0,0,1.8112394520243682,-0.0538135126227717
4669,1981,Undergraduate,Married,24480.0,1,0,2013-11-02,4,3,0,4,102,3.9,4,33,7,1,Yes,1,13.9,0.0,1,-1.9723542828510265,0.38526670876061425
10144,1976,Graduate,Together,51369.0,0,1,2012-10-25,297,8,2,4,576,51.6,297,38,14,1,Yes,1,26.2,1.0,0,0.36532095153319905,0.9555330334934695
8652,1946,Graduate,Together,37760.0,0,0,2012-08-31,84,4,1,6,317,26.5,84,68,11,0,No,0,28.0,1.0,1,-0.7257918785908306,1.6448514877966698
1672,1974,Postgraduate,Together,65640.0,0,1,2014-01-03,204,5,1,8,461,44.3,204,40,14,1,Yes,1,11.9,2.0,1,-0.2869818484756883,-0.584793746814556
8962,1975,Postgraduate,Married,44319.0,1,1,2014-04-17,26,2,0,3,37,70.3,26,39,5,2,Yes,1,8.5,2.0,1,-0.9831292862259131,-1.574338617282682
9974,1974,Graduate,Married,30631.0,1,0,2013-12-07,15,3,1,2,70,21.4,15,40,6,1,Yes,1,12.8,1.0,1,-1.733931415806791,-0.09826664895319849
10983,1952,Graduate,Together,75278.0,0,0,2013-01-29,304,6,3,13,930,32.7,304,62,22,0,No,0,23.0,1.0,0,0.6251231226056086,1.028917600341503
8148,1956,Postgraduate,Together,50898.0,1,1,2013-08-01,285,6,2,12,859,33.2,285,58,20,2,Yes,1,17.0,2.0,0,0.2878597144153937,0.2907727130449358
10102,1966,Graduate,Widow,79946.0,0,0,2014-12-05,395,5,11,5,1478,26.7,395,48,21,0,No,0,0.9,1.0,0,0.08377528276370946,-1.4833207208499273
4697,1949,Postgraduate,Divorced,35416.0,0,0,2013-06-13,248,7,1,5,390,63.6,248,65,13,0,No,0,18.6,2.0,0,0.23224780519270846,-0.18409835771211772
7254,1969,Graduate,Together,38361.0,1,0,2013-12-27,39,3,1,3,137,28.5,39,45,7,1,Yes,1,12.1,1.0,1,-1.486855750897215,-0.31145546451873835
4543,1980,Graduate,Married,82497.0,0,0,2012-10-31,777,2,7,9,1919,40.5,777,34,18,0,No,0,26.0,1.0,0,1.415499088898861,1.153246622829489
4927,1971,Graduate,Together,16626.0,2,0,2014-01-15,8,3,0,3,68,11.8,8,43,6,2,Yes,1,11.5,1.0,1,-1.9576789407304922,-0.06358381492621348
10451,1965,Graduate,Together,29672.0,1,1,2013-12-03,9,0,0,3,25,36.0,9,49,3,2,Yes,1,12.9,1.0,1,-1.7231413427293851,-0.4025187061461088
2926,1952,Postgraduate,Together,55951.0,0,1,2012-08-23,1241,3,6,11,1374,90.3,1241,62,20,1,Yes,1,28.3,2.0,0,3.4646201702232258,0.43569085037290056
9738,1986,Postgraduate,Together,42386.0,1,0,2013-01-13,65,3,0,3,100,65.0,65,28,6,1,Yes,1,23.6,2.0,1,-0.5674623803431219,0.3215160741159108
7119,1982,Graduate,Single,68627.0,0,0,2013-12-01,395,2,3,6,825,47.9,395,32,11,0,No,0,13.0,1.0,1,-0.07891550632567955,-0.5708367951207981
3924,1965,Postgraduate,Divorced,57912.0,0,1,2014-03-17,801,8,3,12,916,87.4,801,49,23,1,Yes,1,9.5,2.0,0,2.373364855859267,-1.6649619347523699
5827,1958,Graduate,Divorced,35246.0,1,1,2014-04-16,36,3,1,3,62,58.1,36,56,7,2,Yes,1,8.5,1.0,1,-1.0233573985536084,-1.3158302173470384
10812,1978,Postgraduate,Married,46377.0,1,0,2014-01-03,37,2,1,3,90,41.1,37,36,6,1,Yes,1,11.9,2.0,1,-1.3440145510814845,-0.5917431011267182
1717,1988,Graduate,Single,39747.0,1,0,2014-04-13,80,5,1,4,273,29.3,80,26,10,1,Yes,1,8.6,1.0,1,-1.221978266093682,-0.7130688860161674
9491,1984,Graduate,Together,23976.0,1,0,2013-12-27,14,3,1,3,66,21.2,14,30,7,1,Yes,1,12.1,1.0,1,-1.6716553503458245,-0.1667156683517406
9274,1961,Postgraduate,Married,80950.0,0,0,2013-03-28,525,6,7,9,1213,43.3,525,53,22,0,No,0,21.1,2.0,0,1.2046717508668194,0.5799186763494456
6609,1966,Graduate,Widow,27038.0,0,0,2012-09-18,1,3,0,3,107,0.9,1,48,6,0,No,0,27.4,1.0,1,-1.8010553279124817,2.0296315277574033
6963,1947,Graduate,Single,77457.0,0,0,2014-05-03,675,2,5,10,1157,58.3,675,67,17,0,No,0,8.0,1.0,0,1.0441424963437103,-1.3250814426066861
4440,1964,Postgraduate,Married,64100.0,0,1,2013-10-09,509,8,3,6,546,93.2,509,50,17,1,Yes,1,14.7,2.0,0,1.5350827730972083,-1.2030766133791917
1379,1992,Postgraduate,Together,42670.0,0,0,2013-04-27,154,4,2,4,241,63.9,154,22,10,0,No,0,20.1,2.0,1,-0.1612319209020698,-0.03632471910454438
10032,1976,Graduate,Divorced,12571.0,1,0,2014-01-18,3,3,1,3,53,5.7,3,38,7,1,Yes,1,11.4,1.0,1,-1.9994159466229176,0.0546211372961451
2826,1967,Graduate,Married,22574.0,2,1,2013-10-28,25,2,0,3,37,67.6,25,47,5,3,Yes,1,14.1,1.0,1,-0.9038253553121774,-0.8595010065204342
6320,1976,Postgraduate,Single,70893.0,0,0,2013-06-02,768,6,6,10,1508,50.9,768,38,22,0,No,0,19.0,2.0,0,1.7657615609642985,0.16427250623062337
3050,1966,Graduate,Married,54198.0,1,1,2013-12-17,185,3,1,6,235,78.7,185,48,10,2,Yes,1,12.5,1.0,1,-0.003324255559997884,-1.2265984876521776
231,1956,Postgraduate,Together,28839.0,1,1,2014-11-03,24,2,0,3,32,75.0,24,58,5,2,Yes,1,1.9,2.0,1,-1.0543120121391822,-2.446274985258653
2392,1972,Graduate,Married,40321.0,1,1,2013-07-29,44,3,0,3,102,43.1,44,42,6,2,Yes,1,17.1,1.0,1,-1.1707425278740053,-0.01675125082876484
9478,1985,Graduate,Single,66503.0,1,0,2012-08-14,91,4,3,6,401,22.7,91,29,13,1,Yes,1,28.5,1.0,1,-0.6028246512140648,1.7983613066414101
113,1951,Graduate,Married,30833.0,1,1,2013-07-16,11,1,0,3,28,39.3,11,63,4,2,Yes,1,17.5,1.0,1,-1.464874821282756,0.08680797612643759
1802,1971,Graduate,Married,64795.0,0,1,2013-01-17,412,3,3,12,680,60.6,412,43,18,1,Yes,1,23.4,1.0,0,1.027152348437101,0.48084056411333076
520,1974,Graduate,Married,34421.0,1,0,2013-01-07,3,1,0,2,30,10.0,3,40,3,1,Yes,1,23.8,1.0,1,-1.964843393479525,1.3950077451360283
8275,1965,Postgraduate,Divorced,47025.0,1,1,2014-09-02,16,1,0,2,20,80.0,16,49,3,2,Yes,1,3.9,2.0,1,-1.0979245216299522,-2.327674891661641
9750,1961,Postgraduate,Divorced,64325.0,0,1,2013-07-02,731,10,3,5,1307,55.9,731,53,18,1,Yes,1,18.0,2.0,0,1.426845242251554,-0.09010903366696335
2607,1953,Graduate,Single,40464.0,0,1,2013-11-01,424,8,2,8,630,67.3,424,61,18,1,Yes,1,14.0,1.0,0,0.9544973992919757,-0.7622717380630823
7214,1957,Graduate,Married,62187.0,0,0,2013-05-07,792,4,8,5,1283,61.7,792,57,17,0,No,0,19.8,1.0,0,1.6108793015298977,-0.00581721873900179
5835,1976,Postgraduate,Divorced,14849.0,1,0,2013-02-07,21,2,0,4,65,32.3,21,38,6,1,Yes,1,22.7,2.0,1,-1.2854297358225097,0.8582454599109276
3896,1984,Graduate,Married,27255.0,1,0,2013-07-11,22,1,0,3,37,59.5,22,30,4,1,Yes,1,17.7,1.0,1,-1.0609150756701207,-0.28557805821413357
10350,1950,Postgraduate,Married,54432.0,2,1,2013-09-05,33,1,0,3,38,86.8,33,64,4,3,Yes,1,15.8,2.0,1,-0.5734851860414886,-1.045090827413535
7786,1986,Postgraduate,Single,29999.0,1,0,2013-02-13,68,3,1,4,160,42.5,68,28,8,1,Yes,1,22.5,2.0,1,-0.8398331667141726,0.6520423136167267
2861,1983,Graduate,Single,24072.0,1,0,2013-04-16,9,1,0,2,23,39.1,9,31,3,1,Yes,1,20.5,1.0,1,-1.4863011065198843,0.4351816971991331
663,1989,Postgraduate,Single,33996.0,0,0,2013-11-09,40,1,1,3,71,56.3,40,25,5,0,No,0,13.7,2.0,1,-1.0958192307060162,-0.6868738479782056
10675,1956,Postgraduate,Married,66334.0,0,1,2013-03-04,909,9,3,5,1161,78.3,909,58,17,1,Yes,1,21.9,2.0,0,2.1964303345683236,-0.0913624302260333
2521,1971,Postgraduate,Married,35178.0,1,0,2013-10-01,23,1,1,2,59,39.0,23,43,4,1,Yes,1,15.0,2.0,1,-1.5061883836663372,-0.2037571128231107
9592,1983,Graduate,Together,22010.0,1,0,2013-06-30,11,2,0,3,33,33.3,11,31,5,1,Yes,1,18.0,1.0,1,-1.480987746292917,0.2735931487852332
10151,1960,Graduate,Divorced,62204.0,0,2,2012-12-09,317,4,5,12,946,33.5,317,54,21,2,Yes,1,24.7,1.0,0,0.6207296687107534,1.2029068225423685
7381,1968,Graduate,Divorced,75693.0,0,0,2012-06-12,797,11,4,6,1442,55.3,797,46,21,0,No,0,30.6,1.0,0,2.0925153060867023,1.4368147750113778
4099,1972,Graduate,Married,30675.0,1,0,2012-12-11,10,1,0,3,62,16.1,10,42,4,1,Yes,1,24.6,1.0,1,-1.7339487349292073,1.37999834924545
9560,1965,Graduate,Together,83003.0,0,0,2013-03-03,856,7,6,8,1674,51.1,856,49,21,0,No,0,21.9,1.0,0,1.9228989393020108,0.4860606381440505
1150,1899,Postgraduate,Together,83532.0,0,0,2013-09-26,755,4,6,4,1853,40.7,755,82,14,0,No,0,15.1,2.0,0,0.7827138517558999,-0.1786024293311084
10172,1988,Graduate,Single,68655.0,0,0,2012-10-08,456,4,5,11,1538,29.6,456,26,20,0,No,0,26.7,1.0,0,0.7782336602606792,1.4945886826912695
11191,1986,Graduate,Divorced,41411.0,0,0,2013-07-12,37,2,1,4,139,26.6,37,28,7,0,No,0,17.6,1.0,1,-1.396859189676168,0.3759882717900332
9707,1969,Postgraduate,Married,55212.0,0,1,2012-11-23,1103,4,2,11,1182,93.3,1103,45,17,1,Yes,1,25.2,2.0,0,2.9286505196481993,-0.009699659314882007
6245,1950,Postgraduate,Together,59292.0,0,1,2013-06-13,378,3,5,8,507,74.6,378,64,16,1,Yes,1,18.6,2.0,0,0.9418806539695763,-0.3784079254154558
8234,1973,Undergraduate,Together,27190.0,1,0,2013-08-15,1,1,0,2,18,5.6,1,41,3,1,Yes,1,16.5,0.0,1,-2.222809281879257,0.6183548938731321
1411,1952,Graduate,Divorced,82623.0,0,0,2013-10-11,204,2,9,4,940,21.7,204,62,15,0,No,0,14.7,1.0,1,-0.5596581118826455,0.19861014612448125
8553,1965,Graduate,Married,44300.0,1,1,2013-06-23,30,1,0,3,42,71.4,30,49,4,2,Yes,1,18.3,1.0,1,-0.8086648784866652,-0.448076027890956
1826,1970,Graduate,Divorced,84835.0,0,0,2014-06-16,189,4,4,6,1190,15.9,189,44,14,0,No,0,6.5,1.0,1,-0.9744698663014995,-0.6663384758513315
8842,1971,Graduate,Widow,30372.0,1,1,2012-12-25,15,2,0,3,44,34.1,15,43,5,2,Yes,1,24.2,1.0,1,-1.3124263988278384,0.9904957832108543
11030,1976,Postgraduate,Married,33181.0,1,0,2014-03-01,9,1,0,2,16,56.2,9,38,3,1,Yes,1,10.0,2.0,1,-1.4133190265313855,-1.1404873827937352
2579,1957,Graduate,Married,71113.0,0,1,2013-12-17,495,6,7,9,835,59.3,495,57,22,1,Yes,1,12.5,1.0,0,1.2439618752992463,-0.7473308208721688
175,1986,Graduate,Married,71952.0,1,0,2013-10-01,656,8,4,8,1443,45.5,656,28,20,1,Yes,1,15.0,1.0,0,1.1859226024126799,-0.21487069571333417
9185,1966,Postgraduate,Single,69759.0,0,0,2013-10-28,452,4,6,5,1029,43.9,452,48,15,0,No,0,14.1,2.0,0,0.31960948292901825,-0.3257404030609349
11056,1974,Graduate,Married,72099.0,0,0,2012-10-27,546,3,4,10,1188,46.0,546,40,17,0,No,0,26.1,1.0,0,0.9912338837099723,1.0649776634937296
9365,1976,Postgraduate,Single,60000.0,0,1,2012-12-22,1048,11,3,5,1277,82.1,1048,38,19,1,Yes,1,24.3,2.0,0,2.7607066313545032,0.12787446170644778
6201,1978,Graduate,Single,38643.0,1,1,2013-11-29,22,2,0,3,49,44.9,22,36,5,2,Yes,1,13.0,1.0,1,-1.3603345341373023,-0.5452067726311204
2061,1955,Graduate,Married,50737.0,0,1,2013-11-05,78,2,0,4,99,78.8,78,59,6,1,Yes,1,13.8,1.0,1,-0.5147206121832362,-1.1078541204390657
6184,1969,Postgraduate,Married,68462.0,0,0,2012-12-12,561,3,3,8,1670,33.6,561,45,14,0,No,0,24.6,2.0,0,0.4995208258888688,1.098189604219248
6142,1943,Postgraduate,Married,65073.0,0,0,2013-08-20,629,5,3,5,900,69.9,629,71,13,0,No,0,16.4,2.0,0,1.0325807735195232,-0.5967738101939415
4107,1948,Postgraduate,Together,46681.0,0,2,2013-08-10,269,4,6,4,425,63.3,269,66,14,2,Yes,1,16.7,2.0,0,0.30681138591131824,-0.3941316750272321
7274,1957,Graduate,Married,78618.0,0,0,2012-09-28,736,4,7,10,2153,34.2,736,57,21,0,No,0,27.1,1.0,0,1.4977150490183557,1.4405917299934736
9336,1969,Postgraduate,Widow,62187.0,0,1,2014-03-22,512,6,2,10,636,80.5,512,45,18,1,Yes,1,9.3,2.0,0,1.2605337188755599,-1.5828493666615246
2958,1978,Graduate,Married,28442.0,2,0,2014-02-24,19,2,1,4,57,33.3,19,36,7,2,Yes,1,10.2,1.0,1,-1.4802659228430266,-0.6284037199404274
933,1978,Postgraduate,Married,37717.0,1,0,2012-11-23,9,1,0,2,25,36.0,9,36,3,1,Yes,1,25.2,2.0,1,-1.4337326898958191,1.0513843635464195
5837,1967,Graduate,Married,51479.0,1,1,2012-12-28,247,6,3,6,494,50.0,247,47,15,2,Yes,1,24.1,1.0,0,0.27403106710011277,0.7527661241211981
10704,1969,Graduate,Single,54803.0,0,1,2012-08-21,404,6,2,9,693,58.3,404,45,17,1,Yes,1,28.3,1.0,0,0.999566501926924,1.095346515330696
5125,1960,Graduate,Married,79530.0,0,0,2013-05-17,333,4,10,11,1348,24.7,333,54,25,0,No,0,19.5,1.0,0,0.7021785215257379,0.800386481624864
4432,1976,Graduate,Divorced,31615.0,1,0,2013-03-16,2,2,0,3,51,3.9,2,38,5,1,Yes,1,21.5,1.0,1,-1.9662199177431794,1.2631602157172879
5955,1962,Graduate,Together,72025.0,0,0,2012-11-17,833,4,3,8,1932,43.1,833,52,15,0,No,0,25.4,1.0,0,1.3047047171831412,0.9962307975676842
2928,1975,Postgraduate,Single,52614.0,0,1,2012-01-12,789,2,4,8,990,79.7,789,39,14,1,Yes,1,35.6,2.0,0,2.0604915130731656,1.478979171706624
10313,1975,Graduate,Married,48178.0,1,1,2012-10-28,159,5,1,4,254,62.6,159,39,10,2,Yes,1,26.1,1.0,1,-0.03475234442433101,0.6979430204133604
2557,1970,Postgraduate,Single,29548.0,1,0,2013-08-29,7,1,1,2,29,24.1,7,44,4,1,Yes,1,16.1,2.0,1,-1.790002098911953,0.2189935710127988
1245,1966,Graduate,Single,63810.0,0,1,2012-11-11,977,4,3,12,1371,71.3,977,48,19,1,Yes,1,25.6,1.0,0,2.4523478782190513,0.49829740715202553
1519,1972,Postgraduate,Single,38578.0,1,1,2013-06-22,38,3,0,3,73,52.1,38,42,6,2,Yes,1,18.3,2.0,1,-0.9856283750113427,-0.050514025975692704
10703,1975,Postgraduate,Single,46098.0,1,1,2012-08-18,57,3,2,2,120,47.5,57,39,7,2,Yes,1,28.4,2.0,1,-0.7130463497940535,1.2421710570291002
1726,1970,Graduate,Single,22585.0,0,0,2013-03-18,3,1,1,2,81,3.7,3,44,4,0,No,0,21.5,1.0,1,-2.052452669125613,1.2566921012625363
4459,1989,Graduate,Single,30279.0,1,0,2012-12-30,10,1,0,3,37,27.0,10,25,4,1,Yes,1,24.0,1.0,1,-1.5440652423090995,1.095836352747664
1729,1961,Postgraduate,Together,66426.0,0,1,2013-02-10,1043,3,5,10,1377,75.7,1043,53,18,1,Yes,1,22.6,2.0,0,2.506875030595853,0.04221547362374594
1517,1969,Graduate,Single,30822.0,1,0,2013-06-14,3,1,0,3,51,5.9,3,45,4,1,Yes,1,18.6,1.0,1,-2.0795127182345006,0.8708627016487768
2098,1969,Postgraduate,Married,33581.0,2,0,2013-08-01,11,1,0,2,17,64.7,11,45,3,2,Yes,1,17.0,2.0,1,-1.0856775692196163,-0.47950508400219194
9543,1985,Graduate,Married,19986.0,1,0,2013-11-14,3,0,0,3,22,13.6,3,29,3,1,Yes,1,13.5,1.0,1,-2.1398172557178006,0.1070838232387636
6878,1954,Graduate,Widow,27421.0,0,0,2012-12-12,43,4,1,6,324,13.3,43,60,11,0,No,0,24.6,1.0,1,-1.1318452250829172,1.5043565720780603
2724,1981,Postgraduate,Single,36143.0,1,0,2014-03-30,12,0,1,2,19,63.2,12,33,3,1,Yes,1,9.1,2.0,1,-1.2977044505356257,-1.3840449171388804
948,1971,Graduate,Single,10245.0,1,0,2013-05-15,4,1,2,2,41,9.8,4,43,5,1,Yes,1,19.5,1.0,1,-1.8990016754339025,0.9111755623378893
6720,1968,Postgraduate,Together,43795.0,0,1,2013-10-16,314,7,3,4,492,63.8,314,46,14,1,Yes,1,14.5,2.0,0,0.35112023243823015,-0.6674309859996205
6202,1960,Graduate,Together,63381.0,0,1,2012-05-10,571,4,5,13,1005,56.8,571,54,22,1,Yes,1,31.7,1.0,0,1.7953847634953826,1.5652242644375047
2066,1949,Graduate,Together,38823.0,0,1,2012-08-30,70,2,1,3,114,61.4,70,65,6,1,Yes,1,28.0,1.0,1,-0.5216755379039494,0.9116537853598463
9799,1968,Postgraduate,Divorced,83664.0,1,1,2013-08-05,866,2,2,12,1173,73.8,866,46,16,2,Yes,1,16.9,2.0,0,1.8272861864684022,-0.6013330414367111
8318,1979,Graduate,Together,90300.0,0,0,2014-03-01,594,5,6,8,1738,34.2,594,35,19,0,No,0,10.0,1.0,0,0.6528987186560254,-0.5903458187900715
5642,1979,Postgraduate,Together,62499.0,1,0,2013-09-12,140,3,1,6,222,63.1,140,35,10,1,Yes,1,15.6,2.0,1,-0.3090637323152044,-0.5515102983937956
2669,1993,Graduate,Single,74293.0,0,0,2014-04-05,375,5,4,6,1127,33.3,375,21,15,0,No,0,8.9,1.0,1,-0.14950768511048207,-0.7270902152069042
455,1946,Postgraduate,Married,51012.0,0,0,2013-04-18,102,4,1,4,209,48.8,102,68,9,0,No,0,20.4,2.0,1,-0.6214008397956486,0.2882481279299608
7683,1968,Postgraduate,Married,70777.0,0,1,2014-02-25,554,5,3,12,787,70.4,554,46,20,1,Yes,1,10.2,2.0,0,1.3424489003832851,-1.2615082586657587
3428,1991,Postgraduate,Together,68682.0,0,0,2013-06-10,919,4,9,10,1598,57.5,919,23,23,0,No,0,18.7,2.0,0,2.257620475818813,-0.0016462627761447833
7414,1971,Graduate,Married,43824.0,1,1,2012-09-15,96,3,1,4,186,51.6,96,43,8,2,Yes,1,27.5,1.0,1,-0.4979185267445265,1.0628747670270435
6354,1984,Graduate,Together,15345.0,1,0,2012-08-31,5,1,1,2,47,10.6,5,30,4,1,Yes,1,28.0,1.0,1,-1.7665208903357117,1.8898739183232471
798,1987,Graduate,Single,23442.0,1,0,2012-12-24,2,1,0,3,27,7.4,2,27,4,1,Yes,1,24.2,1.0,1,-1.9216029020824916,1.5035344811031222
9999,1965,Graduate,Together,75276.0,0,0,2012-09-27,610,9,4,9,1040,58.7,610,49,22,0,No,0,27.1,1.0,0,1.7978635704165609,0.9813106006354879
7617,1974,Graduate,Single,42373.0,1,1,2013-08-15,67,2,1,5,163,41.1,67,40,8,2,Yes,1,16.5,1.0,1,-1.0091370844471916,-0.02971297531195351
615,1960,Graduate,Together,30507.0,0,0,2013-11-03,65,5,1,4,343,19.0,65,54,10,0,No,0,13.9,1.0,1,-1.3189503511100207,0.11606824572723479
2552,1955,Postgraduate,Single,55521.0,1,2,2013-10-22,416,6,3,6,446,93.3,416,59,15,3,Yes,1,14.3,2.0,0,1.1794981287134252,-1.26575041657431
194,1965,Graduate,Married,48006.0,1,1,2014-09-06,23,1,0,3,41,56.1,23,49,4,2,Yes,1,3.8,1.0,1,-1.4496767148147078,-1.8621686439366918
3645,1972,Postgraduate,Single,27213.0,1,0,2012-08-30,19,2,0,4,70,27.1,19,42,6,1,Yes,1,28.0,2.0,1,-1.2619007733277836,1.5866073633557038
8890,1971,Postgraduate,Divorced,65808.0,1,1,2014-05-30,155,5,1,5,272,57.0,155,43,11,2,Yes,1,7.1,2.0,1,-0.5099056041463012,-1.4277569644492702
5049,1974,Postgraduate,Together,30351.0,1,0,2013-06-06,14,3,0,2,46,30.4,14,40,5,1,Yes,1,18.8,2.0,1,-1.510658901312119,0.4246581695304462
10882,1976,Graduate,Married,53858.0,0,1,2012-09-11,407,4,3,6,915,44.5,407,38,13,1,Yes,1,27.6,1.0,0,0.3929341513757128,1.2411315278235655
7030,1955,Postgraduate,Married,66465.0,0,1,2013-03-30,1200,11,9,12,1485,80.8,1200,59,32,1,Yes,1,21.1,2.0,0,4.051403470678109,-0.10271760198923731
7422,1987,Graduate,Single,46923.0,1,0,2012-08-22,85,5,1,7,369,23.0,85,27,13,1,Yes,1,28.3,1.0,1,-0.6134777971901371,1.7693142798194252
3523,1962,Graduate,Together,75072.0,0,1,2013-01-23,583,5,4,8,1073,54.3,583,52,17,1,Yes,1,23.2,1.0,0,1.14963865031816,0.5569590966176635
7106,1943,Postgraduate,Married,75865.0,0,0,2014-03-31,483,3,5,10,1242,38.9,483,71,18,0,No,0,9.0,2.0,0,0.4190192954768748,-0.8022412243277758
5067,1994,Graduate,Together,80134.0,0,0,2014-02-14,966,2,7,11,1378,70.1,966,20,20,0,No,0,10.5,1.0,0,2.1378183366224666,-1.2519476397179974
4216,1981,Graduate,Single,91065.0,0,0,2013-02-22,822,7,9,9,1474,55.8,822,33,25,0,No,0,22.2,1.0,0,2.2900697700560118,0.4734106103299413
8581,1971,Postgraduate,Married,49505.0,1,1,2013-05-03,604,10,2,8,751,80.4,604,43,20,2,Yes,1,19.9,2.0,0,1.8541887792971121,-0.31442273689455286
5929,1973,Postgraduate,Married,37401.0,1,0,2014-06-05,19,2,0,3,48,39.6,19,41,5,1,Yes,1,6.9,2.0,1,-1.608836553667219,-1.162331347879637
3129,1983,Graduate,Married,30096.0,1,0,2014-05-22,5,2,0,3,45,11.1,5,31,5,1,Yes,1,7.3,1.0,1,-2.159800015955643,-0.5564165485551138
6528,1982,Postgraduate,Together,18492.0,1,0,2014-05-06,2,1,0,2,10,20.0,2,32,3,1,Yes,1,7.9,2.0,1,-2.1537271516443854,-0.6799837517641844
1361,1974,Postgraduate,Married,82584.0,0,0,2013-04-06,1076,3,4,8,1435,75.0,1076,40,15,0,No,0,20.8,2.0,0,2.2617628235275267,-0.19031215054940373
6932,1941,Postgraduate,Married,93027.0,0,0,2013-04-13,1285,7,10,5,2119,60.6,1257,73,22,0,No,0,20.6,2.0,0,2.9272550338749537,0.12592725698151044
7284,1953,Graduate,Married,48686.0,1,2,2013-04-12,10,1,0,2,20,50.0,10,61,3,3,Yes,1,20.6,1.0,1,-1.278020199377719,0.23368504158059658
1340,1986,Graduate,Married,92910.0,0,0,2014-04-24,551,6,7,13,1795,30.7,551,28,26,0,No,0,8.2,1.0,0,1.053096504574444,-0.659199215270058
8746,1989,Graduate,Married,75433.0,1,0,2014-05-04,800,2,5,10,1188,67.3,800,25,17,1,Yes,1,7.9,1.0,0,1.4511061862689847,-1.5226102114667033
3767,1968,Graduate,Married,61314.0,0,1,2013-04-25,378,5,5,12,1008,37.5,378,46,22,1,Yes,1,20.2,1.0,0,0.7916750259772277,0.5983378307812947
3725,1961,Postgraduate,Single,84865.0,0,0,2013-09-05,1248,2,4,9,1688,73.9,1248,53,15,0,No,0,15.8,2.0,0,2.4549743562874733,-0.7730729976008771
4324,1989,Graduate,Married,42387.0,1,0,2012-10-29,235,8,1,7,684,34.4,235,25,16,1,Yes,1,26.1,1.0,0,0.09041724478778806,1.3055894864971498
6694,1964,Graduate,Married,75236.0,0,1,2013-11-25,438,8,3,13,1068,41.0,438,50,24,1,Yes,1,13.2,1.0,0,0.9769292568356986,-0.28157749530959025
498,1970,Graduate,Single,30015.0,1,0,2014-02-02,25,1,0,4,57,43.9,25,44,5,1,Yes,1,10.9,1.0,1,-1.4226804443538401,-0.7741021635491028
9347,1956,Postgraduate,Together,50943.0,0,1,2013-06-21,31,1,0,3,46,67.4,31,58,4,1,Yes,1,18.3,2.0,1,-0.8816006229474521,-0.36989996545822734
9699,1966,Graduate,Divorced,67272.0,0,1,2013-12-21,357,6,2,12,733,48.7,357,48,20,1,Yes,1,12.3,1.0,0,0.606110059847402,-0.5735667259777452
10664,1949,Postgraduate,Widow,51529.0,0,1,2013-07-09,400,9,1,5,467,85.7,400,65,15,1,Yes,1,17.7,2.0,0,1.0864259934507137,-0.7139437191864595
5455,1971,Postgraduate,Married,32011.0,1,0,2013-08-22,99,2,1,4,122,81.1,99,43,7,1,Yes,1,16.3,2.0,1,-0.2879679467901334,-0.8486565929479233
5012,1989,Graduate,Married,28691.0,1,0,2013-04-07,5,1,0,3,34,14.7,5,25,4,1,Yes,1,20.8,1.0,1,-1.8591965169156746,0.9585992048048663
7495,1948,Postgraduate,Married,56223.0,0,1,2013-12-20,77,2,1,5,156,49.4,77,66,8,1,Yes,1,12.4,2.0,1,-0.9309963997594334,-0.6774937675897176
5029,1946,Graduate,Married,18100.0,0,0,2013-06-08,3,0,0,3,14,21.4,3,68,3,0,No,0,18.8,1.0,1,-1.8691303559532793,0.5809686950094867
10642,1989,Graduate,Single,30279.0,1,0,2012-12-30,10,1,0,3,37,27.0,10,25,4,1,Yes,1,24.0,1.0,1,-1.5440652423090995,1.095836352747664
10364,1959,Graduate,Divorced,23295.0,0,0,2013-07-13,0,1,0,2,20,0.0,0,55,3,0,No,0,17.6,1.0,1,-2.303662057605158,0.8580102976195861
5954,1972,Postgraduate,Divorced,42618.0,1,0,2013-09-10,76,5,0,4,192,39.6,76,42,9,1,Yes,1,15.7,2.0,1,-0.9542742940609806,-0.08532116616612341
1137,1964,Graduate,Single,81246.0,0,0,2013-12-29,398,4,5,7,1379,28.9,398,50,16,0,No,0,12.1,1.0,1,-0.02782570445214146,-0.25423039284870425
2541,1976,Graduate,Married,24027.0,1,0,2013-09-06,14,2,0,3,48,29.2,14,38,5,1,Yes,1,15.8,1.0,1,-1.6037052019667812,0.09352361652964823
1142,1953,Postgraduate,Married,55707.0,0,1,2013-12-22,208,3,2,9,428,48.6,208,61,14,1,Yes,1,12.3,2.0,1,-0.1893847174937296,-0.621942947764761
2276,1955,Graduate,Single,57959.0,0,1,2013-02-05,430,4,7,11,868,49.5,430,59,22,1,Yes,1,22.8,1.0,0,1.1776432583390268,0.666897684365245
2807,1969,Graduate,Married,56796.0,0,1,2013-02-16,656,8,9,7,1001,65.5,656,45,24,1,Yes,1,22.4,1.0,0,2.072018586019326,0.3097840041512306
6471,1971,Postgraduate,Single,36230.0,1,0,2013-10-17,14,2,0,4,59,23.7,14,43,6,1,Yes,1,14.5,2.0,1,-1.6528127692767174,0.05776083972233622
6233,1976,Graduate,Married,65991.0,0,1,2012-07-09,507,9,5,10,971,52.2,507,38,24,1,Yes,1,29.7,1.0,0,1.7077393040371989,1.444350790958471
4148,1972,Graduate,Married,38988.0,1,2,2012-08-20,164,5,1,6,348,47.1,164,42,12,3,Yes,1,28.4,1.0,1,-0.09226017548689673,1.2932638926948745
3225,1984,Postgraduate,Married,42207.0,1,0,2013-01-04,116,4,1,5,265,43.8,116,30,10,1,Yes,1,23.9,2.0,1,-0.5212325541508112,0.8090009688427701
7540,1952,Graduate,Married,50300.0,0,1,2014-05-25,143,2,1,8,270,53.0,143,62,11,1,Yes,1,7.2,1.0,1,-0.6055394767378389,-1.3367581187174098
1992,1964,Graduate,Married,60597.0,0,1,2014-01-01,522,2,2,8,893,58.5,522,50,12,1,Yes,1,12.0,1.0,0,0.4250876639934236,-0.895900542127339
7851,1949,Graduate,Widow,70165.0,0,0,2013-09-22,161,3,7,11,926,17.4,161,65,21,0,No,0,15.3,1.0,1,-0.20237951186804873,0.41879212517478065
8594,1958,Postgraduate,Widow,50520.0,0,1,2014-01-28,112,3,1,3,135,83.0,112,56,7,1,Yes,1,11.1,2.0,1,-0.34970872314402274,-1.5014874914324918
7059,1963,Graduate,Married,80124.0,0,0,2014-06-26,483,3,7,8,1495,32.3,483,51,18,0,No,0,6.2,1.0,0,0.2296141169835375,-1.0040932938982101
2815,1975,Graduate,Married,33183.0,1,0,2014-02-24,7,4,0,3,120,5.8,7,39,7,1,Yes,1,10.2,1.0,1,-2.0180713549063634,-0.0894878349077875
2416,1969,Postgraduate,Single,66582.0,0,0,2014-03-03,789,2,8,9,1288,61.3,789,45,19,0,No,0,10.0,2.0,0,1.5358594954242073,-1.135547560743178
7999,1955,Postgraduate,Together,75261.0,0,0,2013-04-23,1239,5,6,5,1743,71.1,1239,59,16,0,No,0,20.3,2.0,0,2.575525234155224,-0.17538236450418618
9213,1970,Graduate,Widow,31880.0,1,0,2012-10-31,4,1,0,2,15,26.7,4,44,3,1,Yes,1,26.0,1.0,1,-1.5986002685500866,1.3282713425020514
9697,1951,Graduate,Married,53790.0,0,2,2014-06-03,335,7,2,8,542,61.8,335,63,17,2,Yes,1,6.9,1.0,0,0.4285841751012944,-1.497359338360014
3916,1971,Postgraduate,Together,49269.0,1,0,2012-08-15,639,7,3,12,890,71.8,639,43,22,1,Yes,1,28.5,2.0,0,2.131862990056326,0.8882801653664814
2021,1975,Graduate,Married,61456.0,0,1,2013-03-27,563,6,10,13,1388,40.6,563,39,29,1,Yes,1,21.2,1.0,0,1.8206347622118957,0.7137553688179833
1581,1980,Graduate,Married,37406.0,1,0,2013-10-10,2,1,0,2,17,11.8,2,34,3,1,Yes,1,14.7,1.0,1,-2.1471975051133296,0.28421906310483636
564,1981,Postgraduate,Together,56937.0,1,0,2012-04-08,746,8,6,9,906,82.3,746,33,23,1,Yes,1,32.8,2.0,0,2.7201590654403853,1.19319351099147
6619,1978,Graduate,Married,38415.0,1,1,2013-02-01,22,1,0,3,44,50.0,22,36,4,2,Yes,1,22.9,1.0,1,-1.116362476216137,0.5149314352123703
9081,1988,Graduate,Single,20518.0,1,0,2014-05-18,4,1,1,2,25,16.0,4,26,4,1,Yes,1,7.5,1.0,1,-2.1497309388514436,-0.6388625373663295
178,1956,Graduate,Married,62503.0,0,1,2013-02-18,478,8,3,11,973,49.1,478,58,22,1,Yes,1,22.4,1.0,0,1.2532414825366809,0.6237403094019914
916,1972,Postgraduate,Single,41644.0,1,1,2014-09-05,20,1,0,3,31,64.5,20,42,4,2,Yes,1,3.8,2.0,1,-1.2982459544937248,-2.0262689758281045
5512,1977,Postgraduate,Married,55842.0,0,1,2014-05-23,451,7,1,8,518,87.1,451,37,16,1,Yes,1,7.3,2.0,0,1.0506184940403782,-1.964277705740679
8970,1972,Postgraduate,Married,62010.0,0,1,2012-10-23,371,6,2,7,530,70.0,371,42,15,1,Yes,1,26.2,2.0,0,0.9367044595039347,0.600165944170856
10581,1977,Graduate,Married,41124.0,1,0,2012-10-31,281,7,3,4,506,55.5,281,37,14,1,Yes,1,26.0,1.0,0,0.40277424476662194,0.8568292536793498
5300,1973,Postgraduate,Married,38961.0,1,0,2013-12-30,19,2,1,2,70,27.1,19,41,5,1,Yes,1,12.0,2.0,1,-1.722783930974412,-0.3149523251075907
5154,1972,Postgraduate,Divorced,37760.0,1,0,2013-11-08,26,2,0,3,54,48.1,26,42,5,1,Yes,1,13.7,2.0,1,-1.2762659111828998,-0.525375300615617
8346,1974,Graduate,Single,32233.0,1,0,2012-08-19,138,6,2,2,296,46.6,138,40,10,1,Yes,1,28.4,1.0,1,-0.3205533417331833,1.2844430798632138
1676,1975,Graduate,Married,43057.0,0,1,2013-10-30,213,4,2,5,266,80.1,213,39,11,1,Yes,1,14.0,1.0,1,0.19654415649712115,-1.0685372696006077
9286,1960,Postgraduate,Together,83151.0,0,0,2012-10-10,407,5,9,4,747,54.5,407,54,18,0,No,0,26.7,2.0,0,0.9809978649770048,0.990633758932155
2426,1964,Postgraduate,Divorced,78825.0,0,0,2012-09-14,483,5,10,13,895,54.0,483,50,28,0,No,0,27.5,2.0,0,1.9810817795373585,1.1921544569159663
5172,1976,Postgraduate,Together,65104.0,0,1,2013-11-14,738,3,5,7,1053,70.1,738,38,15,1,Yes,1,13.5,2.0,0,1.3469659542238088,-0.9312743140961699
5562,1974,Graduate,Married,60093.0,0,1,2013-06-26,502,7,2,10,735,68.3,502,40,19,1,Yes,1,18.2,1.0,0,1.3067584344946905,-0.2810912604945359
3436,1969,Graduate,Married,14045.0,1,0,2014-01-26,11,1,0,3,20,55.0,11,45,4,1,Yes,1,11.1,1.0,1,-1.3216251520958264,-0.9768381368662871
3403,1958,Postgraduate,Together,78952.0,0,1,2012-09-24,1170,2,5,12,2092,55.9,1170,56,19,1,Yes,1,27.2,2.0,0,2.573684606380503,0.973815447906772
22,1976,Graduate,Divorced,46310.0,1,0,2012-03-12,185,6,1,5,309,59.9,185,38,12,1,Yes,1,33.6,1.0,0,0.31011931429734996,1.6558926333920143
10965,1955,Graduate,Together,76005.0,0,0,2013-02-22,983,3,5,13,1722,57.1,983,59,21,0,No,0,22.2,1.0,0,2.2869812386199633,0.39434892894715756
9426,1964,Postgraduate,Single,58308.0,0,1,2013-12-01,691,2,6,3,900,76.8,691,50,11,1,Yes,1,13.0,2.0,0,1.0323608488772,-1.1590405991651407
6605,1944,Postgraduate,Divorced,55614.0,0,0,2013-11-27,504,9,4,6,682,73.9,504,70,19,0,No,0,13.1,2.0,0,1.2954215785379537,-0.993637780886528
3136,1962,Postgraduate,Divorced,59432.0,0,1,2013-04-13,317,5,3,11,663,47.8,317,52,19,1,Yes,1,20.6,2.0,0,0.6230612065649457,0.4179100479739592
8737,1978,Graduate,Divorced,55563.0,0,1,2014-05-04,29,2,0,3,43,67.4,29,36,5,1,Yes,1,7.9,1.0,1,-1.0457412635188539,-1.5887584987788954
11088,1971,Postgraduate,Together,78642.0,0,1,2013-04-21,1396,4,9,4,1816,76.9,1257,43,17,1,Yes,1,20.3,2.0,0,2.803178896840599,-0.27993378638111766
716,1949,Postgraduate,Together,67911.0,0,1,2014-05-22,529,6,7,11,976,54.2,529,65,24,1,Yes,1,7.3,2.0,0,1.2605115960544995,-1.244230656553646
466,1944,Graduate,Married,65275.0,0,0,2013-03-04,388,4,3,13,746,52.0,388,70,20,0,No,0,21.9,1.0,0,0.953488855923949,0.4942376044504445
9135,1950,Graduate,Together,27203.0,1,1,2012-06-08,13,1,1,2,64,20.3,13,64,4,2,Yes,1,30.7,1.0,1,-1.506033971056934,2.0186425469793696
10623,1961,Postgraduate,Together,48330.0,0,1,2013-11-15,28,1,0,3,32,87.5,28,53,4,1,Yes,1,13.5,2.0,1,-0.6241362872583842,-1.3302676351065423
8151,1990,Undergraduate,Married,24279.0,0,0,2012-12-29,16,4,1,3,263,6.1,16,24,8,0,No,0,24.0,0.0,1,-1.5859946099918971,1.545461169909527
5140,1985,Postgraduate,Married,64355.0,1,0,2012-08-24,1047,4,3,12,1445,72.5,1047,29,19,1,Yes,1,28.2,2.0,0,2.6708727523301055,0.7767528426099459
10160,1956,Postgraduate,Together,50943.0,0,1,2013-06-21,31,1,0,3,46,67.4,31,58,4,1,Yes,1,18.3,2.0,1,-0.8816006229474521,-0.36989996545822734
4945,1953,Graduate,Widow,53653.0,0,0,2012-07-11,815,10,4,12,1210,67.4,815,61,26,0,No,0,29.7,1.0,0,2.7545680232405196,1.1438461061196665
10584,1976,Graduate,Married,65665.0,0,1,2013-02-12,225,5,10,8,945,23.8,225,38,23,1,Yes,1,22.6,1.0,0,0.38132519508698615,1.1721448808238164
6071,1989,Graduate,Single,81217.0,0,0,2013-07-19,493,3,7,11,1157,42.6,493,25,21,0,No,0,17.4,1.0,0,0.9584321568546886,0.14842389052350596
3386,1992,Graduate,Married,34935.0,0,0,2013-06-21,34,2,1,4,137,24.8,34,22,7,0,No,0,18.3,1.0,1,-1.419858025225552,0.49417598133852436
8939,1959,Graduate,Divorced,61250.0,0,1,2012-12-16,382,5,2,12,730,52.3,382,55,19,1,Yes,1,24.5,1.0,0,0.9243007371200319,0.7858567192643142
9925,1981,Postgraduate,Together,39665.0,1,0,2013-05-25,127,4,2,3,216,58.8,127,33,9,1,Yes,1,19.2,2.0,1,-0.4143038760713537,-0.051156761713339174
4320,1979,Graduate,Single,60152.0,0,1,2013-03-28,325,6,4,12,943,34.5,325,35,22,1,Yes,1,21.1,1.0,0,0.6545730285680322,0.7674977045254404
5389,1964,Graduate,Married,48920.0,0,2,2013-10-20,238,6,2,5,347,68.6,238,50,13,2,Yes,1,14.4,1.0,0,0.20773373932707725,-0.7775984278644977
6036,1959,Postgraduate,Together,89120.0,0,0,2014-03-17,1168,5,6,7,1924,60.7,1168,55,18,0,No,0,9.5,2.0,0,2.158783169474842,-1.2224397800043576
182,1946,Postgraduate,Together,44124.0,0,1,2013-11-05,284,6,2,5,397,71.5,284,68,13,1,Yes,1,13.8,2.0,0,0.33653389197389294,-0.908801150121236
203,1975,Postgraduate,Single,81169.0,0,0,2013-04-14,1288,5,7,9,2089,61.7,1257,39,21,0,No,0,20.6,2.0,0,2.8634256721572737,0.09410397164910998
11025,1961,Graduate,Married,36443.0,1,1,2013-03-02,65,3,1,3,138,47.1,65,53,7,2,Yes,1,22.0,1.0,1,-0.8557032136056674,0.49287708211829007
10203,1990,Graduate,Single,26095.0,1,0,2013-06-30,11,1,0,3,42,26.2,11,24,4,1,Yes,1,18.0,1.0,1,-1.6982857410948458,0.4021888674349274
4607,1959,Graduate,Together,71367.0,0,0,2013-08-23,227,4,5,7,777,29.2,227,55,16,0,No,0,16.3,1.0,1,-0.2529061104096597,0.24954117721532898
3711,1944,Postgraduate,Married,80184.0,0,0,2014-01-03,1035,6,3,10,1902,54.4,1035,70,19,0,No,0,11.9,2.0,0,1.925469489803418,-0.7949433042383692
3696,1965,Graduate,Divorced,30630.0,1,1,2014-01-27,27,2,0,3,52,51.9,27,49,5,2,Yes,1,11.1,1.0,1,-1.2643951101381226,-0.907122029060212
2532,1987,Postgraduate,Single,73454.0,0,0,2014-01-03,982,2,4,6,1651,59.5,982,27,12,0,No,0,11.9,2.0,0,1.3278719922647988,-0.9627548965293631
9214,1991,Graduate,Married,42691.0,0,0,2013-08-16,179,5,1,6,358,50.0,179,23,12,0,No,0,16.5,1.0,1,-0.28907662184752503,-0.17124798016799367
4943,1953,Graduate,Married,70503.0,0,0,2012-09-30,1379,2,4,9,1727,79.8,1257,61,15,0,No,0,27.0,1.0,0,2.846266518016894,0.4346887984629223
35,1987,Graduate,Married,25545.0,1,0,2012-08-09,32,2,2,3,210,15.2,32,27,7,1,Yes,1,28.7,1.0,1,-1.3586793756499198,1.9114542328901072
2258,1986,Graduate,Married,32880.0,1,0,2012-04-12,8,1,0,3,42,19.0,8,28,4,1,Yes,1,32.6,1.0,1,-1.495293979375599,2.269047032347737
4322,1958,Postgraduate,Together,77863.0,0,0,2013-11-27,881,4,5,10,1291,68.2,881,56,19,0,No,0,13.1,2.0,0,1.915222439073395,-0.9111975708576774
713,1977,Postgraduate,Married,50353.0,0,0,2014-08-06,141,4,4,6,442,31.9,141,37,14,0,No,0,4.8,2.0,1,-0.8075146073104599,-1.176595827679568
4702,1964,Graduate,Single,61839.0,0,0,2012-12-08,1000,4,8,4,1895,52.8,1000,50,16,0,No,0,24.7,1.0,0,1.8760026522745155,0.7211506552345879
3281,1960,Postgraduate,Married,49154.0,1,1,2013-03-11,206,4,1,8,411,50.1,206,54,13,2,Yes,1,21.7,2.0,1,-0.028407718787796618,0.4496755851679214
2004,1969,Graduate,Single,72679.0,0,1,2013-09-18,619,4,7,5,1168,53.0,619,45,16,1,Yes,1,15.4,1.0,0,0.9267363233774092,-0.35267556629086516
4769,1977,Postgraduate,Together,57954.0,1,1,2014-06-18,456,8,2,6,493,92.5,456,37,16,2,Yes,1,6.4,2.0,0,1.1401419776681245,-2.176688191499075
4437,1962,Graduate,Married,65316.0,1,1,2013-04-24,112,3,2,5,260,43.1,112,52,10,2,Yes,1,20.2,1.0,1,-0.629099436002349,0.3856507591028404
8724,1982,Graduate,Single,28567.0,1,0,2013-06-17,11,2,0,3,46,23.9,11,32,5,1,Yes,1,18.5,1.0,1,-1.6451506243474798,0.516589855370095
10741,1951,Postgraduate,Together,47352.0,0,1,2013-11-04,172,6,1,5,319,53.9,172,63,12,1,Yes,1,13.9,2.0,1,-0.2907502791881041,-0.5543341559977326
1991,1967,Graduate,Together,44931.0,0,1,2014-01-18,78,2,1,3,96,81.2,78,47,6,1,Yes,1,11.4,1.0,1,-0.5262729445163469,-1.4384944278860259
6931,1967,Graduate,Divorced,76982.0,0,0,2014-02-15,464,8,3,4,1062,43.7,464,47,15,0,No,0,10.5,1.0,0,0.25428541459793436,-0.7482856730884584
304,1981,Postgraduate,Single,22944.0,1,0,2013-12-23,19,3,0,3,76,25.0,19,33,6,1,Yes,1,12.3,2.0,1,-1.670611508588139,-0.22810469612633644
10591,1969,Graduate,Widow,43638.0,0,1,2012-06-08,63,4,1,4,201,31.3,63,45,9,1,Yes,1,30.7,1.0,1,-0.7817281583444765,1.851109124287135
5036,1984,Postgraduate,Single,42710.0,1,0,2012-11-28,252,4,5,3,406,62.1,252,30,12,1,Yes,1,25.1,2.0,0,0.2804052029011154,0.6029572386344723
5547,1982,Postgraduate,Married,84169.0,0,0,2013-07-08,1478,7,6,6,1919,77.0,1257,32,19,0,No,0,17.8,2.0,0,2.915060803370003,-0.5567915440065235
7822,1976,Graduate,Together,54058.0,0,1,2013-04-06,198,4,6,8,662,29.9,198,38,18,1,Yes,1,20.8,1.0,1,-0.02097377850512127,0.7906061518983758
10955,1964,Graduate,Widow,85620.0,0,0,2014-07-01,416,3,6,4,1600,26.0,416,50,13,0,No,0,6.0,1.0,1,-0.44419285631148997,-0.95083717531347
4368,1980,Graduate,Married,47850.0,1,0,2013-03-12,42,3,0,4,134,31.3,42,34,7,1,Yes,1,21.6,1.0,1,-1.2051438089633801,0.756469249094612
9671,1968,Graduate,Married,19514.0,1,1,2014-01-26,14,3,1,2,69,20.3,14,46,6,2,Yes,1,11.1,1.0,1,-1.7964452447534487,-0.2776158689480633
2256,1973,Postgraduate,Married,27159.0,1,1,2014-03-29,17,1,0,3,21,81.0,17,41,4,2,Yes,1,9.1,2.0,1,-0.8705135883197728,-1.722353423899359
5371,1989,Graduate,Single,21474.0,1,0,2014-08-04,6,3,1,2,91,6.6,6,25,6,1,Yes,1,4.9,1.0,1,-2.2141469675625496,-0.741843580533558
9240,1971,Postgraduate,Single,60504.0,0,1,2014-07-02,458,6,2,8,526,87.1,458,43,16,1,Yes,1,6.0,2.0,0,1.033519611339652,-2.11848202951225
9460,1963,Graduate,Married,22419.0,0,0,2013-04-18,30,3,2,2,162,18.5,30,51,7,0,No,0,20.4,1.0,1,-1.4960636332131065,0.865960522628372
9504,1949,Postgraduate,Married,81698.0,0,0,2013-06-11,179,3,8,13,1008,17.8,179,65,24,0,No,0,18.7,2.0,0,0.17304181578355815,0.8423817175454676
8692,1952,Graduate,Together,43462.0,1,1,2012-12-09,90,4,1,5,240,37.5,90,62,10,2,Yes,1,24.7,1.0,1,-0.67042014300955,1.0288173833634984
448,1978,Postgraduate,Single,54880.0,1,0,2013-01-03,308,6,2,11,795,38.7,308,36,19,1,Yes,1,23.9,2.0,0,0.5130516486796154,0.9867015632642828
8314,1982,Graduate,Married,79908.0,0,0,2013-05-04,557,5,6,7,1772,31.4,557,32,18,0,No,0,19.9,1.0,0,0.677717724329426,0.6271954840191122
3174,1959,Graduate,Together,87771.0,0,1,2013-05-22,1492,5,10,4,1957,76.2,1257,55,19,1,Yes,1,19.3,1.0,0,2.9353819919512434,-0.3638356570701573
7685,1978,Graduate,Married,33039.0,1,0,2013-09-09,30,2,0,4,78,38.5,30,36,6,1,Yes,1,15.7,1.0,1,-1.3167535575632507,-0.09116546111437566
3179,1980,Graduate,Single,81741.0,0,0,2013-06-16,249,6,6,7,1572,15.8,249,34,19,0,No,0,18.5,1.0,1,-0.15628823980626141,0.8009515724249027
9780,1971,Postgraduate,Together,71499.0,0,1,2013-06-25,465,8,3,13,795,58.5,465,43,24,1,Yes,1,18.2,2.0,0,1.4741286638967037,-0.03499959427361382
10232,1963,Postgraduate,Divorced,48799.0,0,1,2013-05-11,174,3,2,7,331,52.6,174,51,12,1,Yes,1,19.7,2.0,1,-0.17475754461932128,0.15652421392435978
4184,1950,Postgraduate,Together,52157.0,0,1,2014-07-06,189,3,2,5,265,71.3,189,64,10,1,Yes,1,5.8,2.0,1,-0.29175768927290796,-1.8741020198976013
9120,1962,Graduate,Single,66565.0,0,1,2012-05-12,747,4,2,9,1065,70.1,747,52,15,1,Yes,1,31.6,1.0,0,1.7901867583724171,1.2075150727090918
891,1951,Postgraduate,Together,29298.0,1,1,2013-07-09,6,1,0,2,11,54.5,6,63,3,2,Yes,1,17.7,2.0,1,-1.269742182015924,-0.19683149135496872
10381,1979,Graduate,Single,47691.0,0,1,2013-05-07,14,1,0,2,21,66.7,14,35,3,1,Yes,1,19.8,1.0,1,-0.9765835405935855,-0.18789319658082768
3525,1970,Graduate,Together,38200.0,1,1,2012-07-12,12,1,0,2,17,70.6,12,44,3,2,Yes,1,29.6,1.0,1,-0.6768606122979619,0.8943584962347447
6818,1974,Graduate,Married,44989.0,0,1,2012-12-09,98,5,1,5,369,26.6,98,40,11,1,Yes,1,24.7,1.0,1,-0.7745884864330029,1.2517440598159597
3526,1968,Postgraduate,Married,38443.0,1,1,2014-01-27,32,1,0,3,38,84.2,32,46,4,2,Yes,1,11.1,2.0,1,-0.7346600217312566,-1.5497056124586337
1029,1970,Postgraduate,Together,64413.0,0,1,2013-01-08,200,5,1,5,279,71.7,200,44,11,1,Yes,1,23.7,2.0,1,0.242514182052606,0.24337079168410689
7369,1981,Postgraduate,Married,36959.0,1,0,2013-02-10,25,2,0,3,62,40.3,25,33,5,1,Yes,1,22.6,2.0,1,-1.2147657598418256,0.679306660589588
2574,1977,Postgraduate,Married,61996.0,0,1,2013-01-31,1050,6,4,8,1230,85.4,1050,37,18,1,Yes,1,23.0,2.0,0,2.7113178813254417,-0.10080684116101081
8159,1968,Graduate,Married,51287.0,1,1,2014-01-04,117,4,1,3,182,64.3,117,46,8,2,Yes,1,11.9,1.0,1,-0.5868171080091265,-1.0311729962601484
1160,1970,Graduate,Married,13260.0,1,1,2013-08-23,9,3,0,3,49,18.4,9,44,6,2,Yes,1,16.3,1.0,1,-1.7192884413180536,0.3745981476047942
10242,1966,Postgraduate,Together,47472.0,1,1,2013-09-16,56,2,0,4,75,74.7,56,48,6,2,Yes,1,15.5,2.0,1,-0.5938494332956747,-0.8250022404140821
5253,1956,Postgraduate,Together,54603.0,1,1,2013-09-07,145,4,2,4,227,63.9,145,58,10,2,Yes,1,15.8,2.0,1,-0.27975033406667704,-0.5439057838157496
5966,1974,Postgraduate,Married,45207.0,1,1,2012-10-11,203,3,1,6,215,94.4,203,40,10,2,Yes,1,26.6,2.0,0,0.6569592292829296,0.13153919782962933
5314,1951,Graduate,Together,40689.0,0,1,2013-03-18,270,7,1,5,444,60.8,270,63,13,1,Yes,1,21.5,1.0,0,0.29047251659884066,0.21177259249056601
5123,1951,Postgraduate,Married,27450.0,0,0,2013-04-15,37,2,1,3,143,25.9,37,63,6,0,No,0,20.5,2.0,1,-1.4261422275003628,0.7221690688039731
5756,1983,Graduate,Together,39453.0,1,0,2014-03-04,46,2,0,3,55,83.6,46,31,5,1,Yes,1,9.9,1.0,1,-0.6627297596605427,-1.6705877190122234
9058,1955,Graduate,Widow,79800.0,0,0,2012-09-23,1060,5,11,5,1867,56.8,1060,59,21,0,No,0,27.2,1.0,0,2.54739158702579,0.985297936310098
5057,1961,Postgraduate,Married,61794.0,0,1,2013-09-14,264,4,4,10,611,43.2,264,53,18,1,Yes,1,15.5,2.0,0,0.23042254004029758,-0.10115348166532755
254,1955,Graduate,Together,53863.0,0,1,2014-05-17,399,7,1,7,473,84.4,399,59,15,1,Yes,1,7.5,1.0,0,0.8201711775926263,-1.8941100441562726
4179,1959,Graduate,Together,24221.0,0,0,2013-08-20,8,1,1,3,55,14.5,8,55,5,0,No,0,16.4,1.0,1,-1.8762703253516946,0.4524887885166997
3710,1984,Postgraduate,Single,39684.0,1,0,2012-12-10,19,2,1,2,81,23.5,19,30,5,1,Yes,1,24.7,2.0,1,-1.4913400876954408,1.2566600006321185
7627,1975,Postgraduate,Married,92163.0,0,0,2012-12-12,817,5,11,5,2086,39.2,817,39,21,0,No,0,24.6,2.0,0,1.6885578611086778,1.041020580589614
4501,1965,Postgraduate,Single,69882.0,0,0,2013-10-11,292,3,7,9,1478,19.8,292,49,19,0,No,0,14.7,2.0,1,-0.08797514971162845,0.2702093532838935
6424,1977,Graduate,Together,33178.0,1,0,2014-01-30,12,1,0,3,49,24.5,12,37,4,1,Yes,1,11.0,1.0,1,-1.892879516912893,-0.3920551556271346
3075,1972,Postgraduate,Married,59973.0,0,0,2013-11-09,130,3,4,7,382,34.0,130,42,14,0,No,0,13.7,2.0,1,-0.5799991889024796,-0.1648193664283515
4992,1975,Postgraduate,Together,17459.0,1,0,2013-09-19,6,3,1,2,69,8.7,6,39,6,1,Yes,1,15.4,2.0,1,-1.9277878578903684,0.45821027062318576
5252,1969,Graduate,Divorced,23910.0,1,0,2012-10-26,16,2,0,3,67,23.9,16,45,5,1,Yes,1,26.1,1.0,1,-1.4566940007926688,1.414550916330517
7444,1969,Postgraduate,Married,42169.0,1,1,2013-10-19,19,1,0,3,30,63.3,19,45,4,2,Yes,1,14.4,2.0,1,-1.0732226993029659,-0.7497587968135859
3537,1981,Graduate,Together,31089.0,1,0,2012-08-17,31,3,0,4,79,39.2,31,33,7,1,Yes,1,28.4,1.0,1,-0.918488639589345,1.40655125660611
10277,1961,Graduate,Single,30081.0,0,1,2013-02-21,36,1,0,3,42,85.7,36,53,4,1,Yes,1,22.3,1.0,1,-0.43535189955834924,-0.25547977524590304
2453,1960,Graduate,Together,62807.0,0,1,2012-08-31,526,5,3,12,819,64.2,526,54,20,1,Yes,1,28.0,1.0,0,1.5912745724885813,0.9659655742383585
7972,1955,Graduate,Single,72906.0,0,0,2013-09-17,400,3,4,9,1151,34.8,400,59,16,0,No,0,15.4,1.0,0,0.16409707932200482,0.020263512257295502
895,1948,Postgraduate,Married,61467.0,0,2,2012-09-12,410,5,2,10,594,69.0,410,66,17,2,Yes,1,27.6,2.0,0,1.1949159615891667,0.8028141658577349
1177,1966,Postgraduate,Together,49618.0,1,1,2013-01-26,80,3,1,3,129,62.0,80,48,7,2,Yes,1,23.1,2.0,1,-0.5220523524579352,0.33025121204608554
7141,1986,Postgraduate,Single,21888.0,1,0,2012-12-29,88,5,1,2,213,41.3,88,28,8,1,Yes,1,24.0,2.0,1,-0.7884581852137659,0.8512813129912353
7232,1973,Graduate,Widow,42429.0,0,1,2014-11-02,55,1,1,3,67,82.1,55,41,5,1,Yes,1,1.9,1.0,1,-0.8616935297717422,-2.5875647842407243
8477,1956,Graduate,Divorced,26150.0,2,1,2013-11-03,5,1,0,3,28,17.9,5,58,4,3,Yes,1,13.9,1.0,1,-1.9616575141308952,0.08039250561848393
2457,1975,Undergraduate,Married,30801.0,0,1,2012-10-26,8,1,0,3,45,17.8,8,39,4,1,Yes,1,26.1,0.0,1,-1.6706923357146093,1.524200223743374
988,1965,Graduate,Married,81168.0,0,0,2014-07-05,410,6,4,7,1193,34.4,410,49,17,0,No,0,5.9,1.0,0,0.03677044747852502,-1.0853118752526028
7930,1969,Postgraduate,Single,26877.0,0,0,2013-08-19,101,3,1,6,268,37.7,101,45,10,0,No,0,16.4,2.0,1,-0.8407719861459205,0.04296744878523204
4587,1944,Postgraduate,Widow,45006.0,0,0,2013-07-18,162,3,1,7,266,60.9,162,70,11,0,No,0,17.4,2.0,1,-0.18107506600050505,-0.2870975130063637
6682,1973,Undergraduate,Married,18978.0,1,0,2012-11-12,2,1,0,3,37,5.4,2,41,4,1,Yes,1,25.6,0.0,1,-1.9260934537317398,1.7081459696816446
6222,1967,Graduate,Married,22574.0,2,1,2013-10-28,25,2,0,3,37,67.6,25,47,5,3,Yes,1,14.1,1.0,1,-0.9038253553121774,-0.8595010065204342
10299,1969,Postgraduate,Single,48240.0,0,0,2012-09-11,389,6,3,13,882,44.1,389,45,22,0,No,0,27.6,2.0,0,1.1105113720356357,1.343077795060312
3083,1974,Graduate,Married,45837.0,1,1,2013-07-26,215,6,2,5,373,57.6,215,40,13,2,Yes,1,17.2,1.0,1,0.023421749438795752,-0.22965886297394789
8953,1965,Postgraduate,Single,35791.0,2,1,2013-06-05,27,1,0,3,35,77.1,27,49,4,3,Yes,1,18.9,2.0,1,-0.693648977701542,-0.4884333672666777
1503,1976,Postgraduate,Together,118183.75,1,1,2013-03-06,85,0,0,1,107,79.4,85,38,1,2,Yes,1,21.8,2.0,1,-0.7238519930509851,-0.22602216945728074
8650,1978,Graduate,Widow,54162.0,1,1,2013-03-18,5,1,0,3,42,11.9,5,36,4,2,Yes,1,21.5,1.0,1,-1.8951300292709876,1.0961188767975139
10862,1960,Postgraduate,Married,30522.0,0,1,2012-08-17,179,1,2,9,326,54.9,179,54,12,1,Yes,1,28.4,2.0,1,0.08262723359057765,1.1395135523582414
2782,1961,Postgraduate,Married,54456.0,0,1,2013-11-07,352,6,1,7,404,87.1,352,53,14,1,Yes,1,13.8,2.0,0,0.8439514561413167,-1.2089283571231315
6941,1971,Graduate,Single,31632.0,0,0,2013-07-14,17,2,1,2,95,17.9,17,43,5,0,No,0,17.6,1.0,1,-1.767058968695574,0.5271238014916841
10972,1949,Graduate,Widow,72298.0,0,0,2014-10-03,625,4,3,6,939,66.6,625,65,13,0,No,0,2.9,1.0,0,0.6454673496519268,-2.1276537733856276
3641,1976,Graduate,Married,13624.0,1,0,2013-01-20,10,2,0,3,36,27.8,10,38,5,1,Yes,1,23.3,1.0,1,-1.461146486501451,1.0077469299391102
10156,1975,Graduate,Single,84196.0,0,1,2013-03-06,215,8,4,7,1237,17.4,215,39,19,1,Yes,1,21.8,1.0,1,-0.11421503183331384,1.1623436068483581
4299,1960,Graduate,Together,70971.0,0,1,2012-09-21,1001,11,11,5,1825,54.8,1001,54,27,1,Yes,1,27.3,1.0,0,2.9051196335053326,1.102616354135649
3469,1977,Postgraduate,Divorced,34487.0,1,1,2012-06-09,19,3,0,3,103,18.4,19,37,6,2,Yes,1,30.7,2.0,1,-1.3611985212219966,2.0759574682448227
5063,1977,Graduate,Single,28769.0,1,0,2012-12-18,41,4,1,4,191,21.5,41,37,9,1,Yes,1,24.4,1.0,1,-1.1557696652730824,1.2998437625646944
10727,1970,Postgraduate,Married,69084.0,1,0,2013-11-19,1181,7,3,13,1586,74.5,1181,44,23,1,Yes,1,13.4,2.0,0,2.9559574996186484,-0.9809036883903917
9624,1958,Postgraduate,Together,65488.0,0,0,2014-06-13,603,3,4,6,963,62.6,603,56,13,0,No,0,6.6,2.0,0,0.6152684147695505,-1.610351219475462
8923,1973,Graduate,Single,83917.0,0,0,2013-04-18,514,6,7,7,1587,32.4,514,41,20,0,No,0,20.4,1.0,0,0.7941700798619513,0.6906570077280143
8461,1962,Graduate,Divorced,46102.0,2,1,2014-10-03,14,1,0,2,16,87.5,14,52,3,3,Yes,1,2.9,1.0,1,-0.9849400349560821,-2.592448871543843
6945,1952,Graduate,Single,84574.0,0,0,2013-04-06,387,9,11,11,1375,28.1,387,62,31,0,No,0,20.8,1.0,0,1.4069576506439623,0.9451938609760616
944,1962,Graduate,Married,56181.0,0,1,2013-08-01,121,4,2,7,393,30.8,121,52,13,1,Yes,1,17.0,1.0,1,-0.66400281109032,0.27824505632054103
1907,1950,Postgraduate,Divorced,63120.0,0,1,2012-09-28,965,8,4,9,1477,65.3,965,64,21,1,Yes,1,27.1,2.0,0,2.5210566887289114,0.8145150671564038
701,1971,Graduate,Married,73691.0,0,1,2013-06-11,707,6,2,8,1179,60.0,707,43,16,1,Yes,1,18.7,1.0,0,1.3049686539353849,-0.10633276443616034
3856,1960,Graduate,Together,63381.0,0,1,2012-05-10,571,4,5,13,1005,56.8,571,54,22,1,Yes,1,31.7,1.0,0,1.7953847634953826,1.5652242644375047
4149,1948,Postgraduate,Together,76140.0,0,0,2014-05-13,586,5,9,6,1348,43.5,586,66,20,0,No,0,7.6,2.0,0,0.8394852166510389,-1.0450523043213054
2131,1959,Postgraduate,Divorced,62859.0,0,1,2012-12-30,1063,9,4,6,1307,81.3,1063,55,19,1,Yes,1,24.0,2.0,0,2.7675803849330443,0.10690739213902277
2942,1964,Graduate,Single,45906.0,0,1,2013-07-05,305,5,4,4,486,62.8,305,50,13,1,Yes,1,17.9,1.0,0,0.3106440374423718,-0.2555854580614323
1173,1947,Postgraduate,Together,77632.0,0,0,2013-10-03,1200,4,2,6,2252,53.3,1200,67,12,0,No,0,14.9,2.0,0,1.7025089473754376,-0.5036620067204296
4381,1971,Postgraduate,Married,46463.0,1,1,2013-08-18,163,3,1,6,235,69.4,163,43,10,2,Yes,1,16.4,2.0,1,-0.12801049958489963,-0.5819697796285029
4611,1970,Graduate,Together,105471.0,0,0,2013-01-21,1009,9,8,13,1724,58.5,1009,44,30,0,No,0,23.3,1.0,0,3.1489169194025077,0.5877122696172283
3376,1970,Postgraduate,Divorced,55282.0,1,0,2013-12-13,125,3,1,6,235,53.2,125,44,10,1,Yes,1,12.6,2.0,1,-0.5938415603126855,-0.711287547206267
4679,1977,Postgraduate,Married,78710.0,0,1,2014-05-23,721,7,6,12,1092,66.0,721,37,25,1,Yes,1,7.3,2.0,0,1.9357579695315854,-1.479579019456577
10928,1958,Graduate,Together,66886.0,0,1,2013-09-16,315,7,1,7,599,52.6,315,56,15,1,Yes,1,15.5,1.0,0,0.2513773179969682,-0.3198920483053293
4248,1960,Postgraduate,Single,98777.0,0,0,2014-02-17,1000,4,6,9,2008,49.8,1000,54,19,0,No,0,10.4,2.0,0,1.7366384731485243,-0.8795585496133406
6728,1985,Graduate,Together,29103.0,1,0,2012-08-27,16,1,0,3,48,33.3,16,29,4,1,Yes,1,28.1,1.0,1,-1.3181248431960377,1.456759300901204
6661,1974,Graduate,Married,67445.0,0,1,2012-12-08,757,9,6,12,1174,64.5,757,40,27,1,Yes,1,24.7,1.0,0,2.555297158251811,0.6243382051552647
4725,1950,Postgraduate,Together,50616.0,0,1,2014-04-13,30,1,1,4,67,44.8,30,64,6,1,Yes,1,8.6,2.0,1,-1.365901756951232,-1.0536590694434607
3277,1955,Graduate,Divorced,49431.0,0,1,2012-03-08,219,7,1,5,365,60.0,219,59,13,1,Yes,1,33.8,1.0,0,0.46663144721861294,1.685258919032589
5555,1975,Graduate,Divorced,118183.75,0,0,2014-07-02,1,0,0,0,6,16.7,1,39,0,0,No,0,6.0,1.0,1,-2.5153711757856905,-0.8708454156494398
2564,1953,Graduate,Together,61278.0,0,1,2014-04-01,111,3,1,4,165,67.3,111,61,8,1,Yes,1,9.0,1.0,1,-0.6104666278599487,-1.4321903689599635
3867,1947,Postgraduate,Together,73059.0,0,1,2013-08-31,410,9,3,13,1095,37.4,410,67,25,1,Yes,1,16.0,2.0,0,1.0058949509118527,0.13228291418802068
6940,1966,Postgraduate,Single,46734.0,1,2,2013-10-21,100,3,2,3,223,44.8,100,48,8,3,Yes,1,14.3,2.0,1,-0.9280620802657583,-0.36468950152612956
55,1963,Graduate,Together,56253.0,0,1,2012-07-12,509,7,2,9,597,85.3,509,51,18,1,Yes,1,29.6,1.0,0,1.822229929104384,0.7230092393545136
7093,1985,Graduate,Married,19986.0,1,0,2013-11-14,3,0,0,3,22,13.6,3,29,3,1,Yes,1,13.5,1.0,1,-2.1398172557178006,0.1070838232387636
5084,1975,Graduate,Widow,58330.0,0,1,2013-12-25,445,6,4,13,1064,41.8,445,39,23,1,Yes,1,12.2,1.0,0,0.8974450539589314,-0.42627506598269177
1777,1980,Undergraduate,Married,25965.0,0,0,2012-07-09,2,2,0,3,74,2.7,2,34,5,0,No,0,29.7,0.0,1,-1.7957396402079275,2.255904880647898
8162,1956,Postgraduate,Together,14661.0,0,0,2013-01-01,4,1,0,3,26,15.4,4,58,4,0,No,0,23.9,2.0,1,-1.7750821472502518,1.3114128647915035
10826,1959,Graduate,Married,18690.0,0,0,2012-12-28,6,1,1,2,60,10.0,6,55,4,0,No,0,24.1,1.0,1,-1.8675870183185503,1.44054112773894
8754,1974,Postgraduate,Together,45068.0,0,1,2013-05-16,14,1,0,2,20,70.0,14,40,3,1,Yes,1,19.5,2.0,1,-0.9218805212507433,-0.28791311451734225
1987,1987,Undergraduate,Single,21063.0,1,0,2013-09-25,1,2,0,3,59,1.7,1,27,5,1,Yes,1,15.2,0.0,1,-2.1575551326754803,0.5615945108431407
11007,1968,Postgraduate,Married,29187.0,1,0,2013-09-05,26,1,0,3,34,76.5,26,46,4,1,Yes,1,15.8,2.0,1,-0.7797457854411917,-0.8430491360872423
9153,1964,Postgraduate,Married,59304.0,0,1,2013-07-29,418,7,8,10,1048,39.9,418,50,25,1,Yes,1,17.1,2.0,0,1.093982270040745,0.2127816510960601
10379,1962,Postgraduate,Single,59247.0,0,2,2013-08-11,327,5,2,9,574,57.0,327,52,16,2,Yes,1,16.7,2.0,0,0.4695019891454702,-0.2547479963762876
9204,1970,Graduate,Widow,66731.0,0,1,2012-12-09,371,4,3,6,1029,36.1,371,44,13,1,Yes,1,24.7,1.0,1,0.09811569860821559,1.0654490044891147
3197,1980,Graduate,Married,77353.0,0,1,2013-12-16,275,6,4,8,670,41.0,275,34,18,1,Yes,1,12.5,1.0,0,0.1398575896612118,-0.4135729541536798
2920,1975,Postgraduate,Single,52614.0,0,1,2012-01-12,789,2,4,8,990,79.7,789,39,14,1,Yes,1,35.6,2.0,0,2.0604915130731656,1.478979171706624
6961,1974,Graduate,Married,26751.0,2,0,2014-05-22,1,1,0,2,11,9.1,1,40,3,2,Yes,1,7.3,1.0,1,-2.3737726381700295,-0.5375888469461572
4673,1963,Postgraduate,Married,81300.0,0,1,2012-10-30,1004,10,3,5,1241,80.9,1004,51,18,1,Yes,1,26.0,2.0,0,2.6090426105809326,0.34538555400784887
9937,1979,Graduate,Single,70337.0,0,0,2014-02-01,187,2,2,12,576,32.5,187,35,16,0,No,0,10.9,1.0,1,-0.3952819361858243,-0.45023218922782604
9596,1980,Postgraduate,Single,65295.0,0,0,2013-12-23,365,3,3,13,664,55.0,365,34,19,0,No,0,12.3,2.0,0,0.655018297410995,-0.7077360177183069
2891,1963,Graduate,Divorced,68118.0,0,1,2013-10-18,595,8,9,4,928,64.1,595,51,21,1,Yes,1,14.4,1.0,0,1.4867862955151316,-0.6346626620326477
4910,1967,Graduate,Divorced,68743.0,0,0,2012-08-30,1132,11,5,13,2074,54.6,1132,47,29,0,No,0,28.0,1.0,0,3.3391175854602055,1.1997773479523013
10120,1955,Graduate,Together,38946.0,0,1,2013-10-24,116,3,1,6,257,45.1,116,59,10,1,Yes,1,14.2,1.0,1,-0.7251350011403482,-0.36300527780622277
6327,1967,Graduate,Together,65777.0,0,0,2013-12-19,565,2,8,6,1146,49.3,565,47,16,0,No,0,12.4,1.0,0,0.6828426225188492,-0.6307379333312444
10142,1976,Postgraduate,Divorced,66476.0,0,1,2013-07-03,372,5,2,11,689,54.0,372,38,18,1,Yes,1,17.9,2.0,0,0.6971383058654526,-0.03707655012129943
9826,1972,Postgraduate,Single,86857.0,0,0,2012-12-09,899,5,6,10,2114,42.5,899,42,21,0,No,0,24.7,2.0,0,1.9106868215437363,0.9819590234934709
1501,1982,Postgraduate,Married,118183.75,0,0,2012-04-08,55,0,28,1,1717,3.2,55,32,29,0,No,0,32.8,2.0,0,0.41468859187311474,2.8557551545571376
10767,1989,Postgraduate,Together,77845.0,0,0,2014-05-16,760,3,5,12,1346,56.5,760,25,20,0,No,0,7.5,2.0,0,1.4157348202965108,-1.324612647687244
7279,1969,Postgraduate,Together,69476.0,0,0,2013-09-30,260,4,6,4,1044,24.9,260,45,14,0,No,0,15.0,2.0,1,-0.4692135937805617,0.1568468220964594
7230,1960,Postgraduate,Divorced,50611.0,0,1,2012-04-10,459,4,5,7,493,93.1,459,54,16,1,Yes,1,32.7,2.0,0,1.7759692755715437,0.9200945939821935
143,1970,Graduate,Single,61209.0,0,0,2013-08-25,466,5,3,4,957,48.7,466,44,12,0,No,0,16.2,1.0,0,0.23258420902146276,-0.20340738882931364
450,1958,Postgraduate,Together,42315.0,0,1,2013-12-07,67,1,4,4,270,24.8,67,56,9,1,Yes,1,12.8,2.0,1,-1.316844051981956,-0.13788058974139003
9316,1952,Undergraduate,Together,13084.0,0,0,2013-02-11,2,1,0,3,29,6.9,2,62,4,0,No,0,22.6,0.0,1,-1.9686073995903688,1.3241905251257666
6379,1949,Postgraduate,Widow,47570.0,1,1,2013-05-29,67,2,2,2,121,55.4,67,65,6,2,Yes,1,19.1,2.0,1,-0.8491601828543901,-0.02274628915353841
9239,1961,Postgraduate,Married,61923.0,0,2,2013-07-26,92,2,1,4,126,73.0,92,53,7,2,Yes,1,17.2,2.0,1,-0.43187779198428927,-0.5832709951515199
8315,1995,Graduate,Single,34824.0,0,0,2014-03-26,4,1,0,2,23,17.4,4,19,3,0,No,0,9.2,1.0,1,-2.167946024576849,-0.4756088579275631
2868,1949,Postgraduate,Single,26518.0,1,1,2013-08-04,20,2,0,3,57,35.1,20,65,5,2,Yes,1,16.9,2.0,1,-1.4558385539391867,0.10766137714755114
10888,1961,Graduate,Single,45938.0,0,0,2013-03-11,273,8,4,6,636,42.9,273,53,18,0,No,0,21.7,1.0,0,0.38803164877367413,0.6368832240383774
1277,1960,Graduate,Together,78468.0,0,0,2014-09-04,434,10,7,10,1004,43.2,434,54,27,0,No,0,3.9,1.0,0,1.0448244302035052,-1.3926898756630208
9977,1973,Graduate,Divorced,78901.0,0,1,2013-09-17,321,9,3,5,734,43.7,321,41,17,1,Yes,1,15.4,1.0,0,0.2628500432247538,-0.1374544250201408
10196,1978,Graduate,Married,71427.0,2,0,2014-12-03,212,8,2,8,614,34.5,212,36,18,2,Yes,1,0.9,1.0,1,-0.3761338305520513,-1.6527142219177098
6384,1978,Graduate,Divorced,71022.0,0,1,2014-11-02,909,5,2,11,1453,62.6,909,36,18,1,Yes,1,1.9,1.0,0,1.5164274913090632,-2.137985096653201
8029,1988,Postgraduate,Single,90247.0,0,0,2014-04-29,1184,3,4,7,1621,73.0,1184,26,14,0,No,0,8.1,2.0,0,2.0492108814891945,-1.6710016034703377
968,1968,Postgraduate,Divorced,41335.0,1,0,2013-12-26,112,4,1,4,187,59.9,112,46,9,1,Yes,1,12.2,2.0,1,-0.5873257825602299,-0.8989442417839143
6988,1986,Graduate,Married,71952.0,1,0,2013-10-01,656,8,4,8,1443,45.5,656,28,20,1,Yes,1,15.0,1.0,0,1.1859226024126799,-0.21487069571333417
4472,1970,Postgraduate,Divorced,35682.0,1,0,2014-06-27,23,1,1,3,57,40.4,23,44,5,1,Yes,1,6.1,2.0,1,-1.6049793175708365,-1.272853224661146
6991,1951,Graduate,Divorced,43185.0,0,1,2013-10-04,537,9,3,6,637,84.3,537,63,18,1,Yes,1,14.9,1.0,0,1.5115917030538983,-0.9971780277728998
3336,1948,Postgraduate,Together,66375.0,0,1,2013-11-21,712,2,4,5,948,75.1,712,66,11,1,Yes,1,13.3,2.0,0,1.0480699997617002,-1.0919412653690441
4301,1971,Postgraduate,Married,35178.0,1,0,2013-10-01,23,1,1,2,59,39.0,23,43,4,1,Yes,1,15.0,2.0,1,-1.5061883836663372,-0.2037571128231107
1940,1986,Graduate,Married,25252.0,1,0,2013-12-07,1,1,0,2,18,5.6,1,28,3,1,Yes,1,12.8,1.0,1,-2.3098671693169965,0.18100193794936345
1272,1965,Postgraduate,Single,55250.0,0,1,2012-10-21,664,7,5,10,903,73.5,664,49,22,1,Yes,1,26.3,2.0,0,2.1600905932332664,0.5930471074211122
1388,1975,Graduate,Single,33249.0,1,0,2013-02-20,6,2,1,3,112,5.4,6,39,6,1,Yes,1,22.3,1.0,1,-1.8271984293712973,1.3383732991264228
1044,1953,Graduate,Together,58398.0,0,0,2013-05-14,299,5,4,8,596,50.2,299,61,17,0,No,0,19.6,1.0,0,0.44093040082154017,0.23353530142077933
6969,1982,Graduate,Together,50272.0,1,0,2013-07-08,99,4,1,5,233,42.5,99,32,10,1,Yes,1,17.8,1.0,1,-0.7218498732273878,0.11470276430055502
10479,1975,Postgraduate,Married,76618.0,0,0,2012-07-12,749,3,2,5,1511,49.6,749,39,10,0,No,0,29.6,2.0,0,0.941227778021643,1.3204830447443758
1715,1978,Graduate,Together,25851.0,1,0,2013-11-02,9,2,0,3,48,18.8,9,36,5,1,Yes,1,13.9,1.0,1,-1.8526887649494745,0.07278076364793268
10159,1970,Graduate,Divorced,58710.0,0,1,2013-03-31,440,11,5,9,1185,37.1,440,44,25,1,Yes,1,21.0,1.0,0,1.175736140213834,0.7268561028997623
1463,1958,Graduate,Single,45160.0,1,1,2014-03-29,8,1,0,2,21,38.1,8,56,3,2,Yes,1,9.1,1.0,1,-1.7751762068098718,-0.8926978176424667
5114,1965,Postgraduate,Married,74806.0,0,1,2012-12-19,670,5,4,5,965,69.4,670,49,14,1,Yes,1,24.4,2.0,0,1.3748799563424685,0.36577799214546053
4990,1954,Graduate,Married,59111.0,0,0,2013-02-05,524,11,1,8,869,60.3,524,60,20,0,No,0,22.8,1.0,0,1.3920777609802049,0.4277584297533275
4329,1984,Postgraduate,Married,18988.0,1,0,2014-05-23,6,1,0,3,16,37.5,6,30,4,1,Yes,1,7.3,2.0,1,-1.748195494162343,-1.083268261293246
10936,1965,Graduate,Married,72190.0,0,0,2013-02-13,597,5,6,4,1947,30.7,597,49,15,0,No,0,22.5,1.0,0,0.5496228395320267,0.9142234952001974
4692,1976,Graduate,Married,7500.0,1,0,2012-01-08,7,4,1,2,71,9.9,7,38,7,1,Yes,1,35.7,1.0,1,-1.341343489806846,2.844491953927139
7212,1966,Graduate,Married,44794.0,0,1,2014-08-06,54,2,0,3,65,83.1,54,48,5,1,Yes,1,4.8,1.0,1,-0.7766702857712624,-2.264260812524855
6086,1955,Graduate,Married,80395.0,0,0,2013-11-23,445,6,5,12,1380,32.2,445,59,23,0,No,0,13.2,1.0,0,0.7413036178955481,-0.12026394996361123
437,1976,Postgraduate,Divorced,75012.0,0,0,2014-01-25,294,3,8,11,1027,28.6,294,38,22,0,No,0,11.2,2.0,0,0.25147469876151446,-0.28490311414483027
11171,1965,Postgraduate,Married,56962.0,2,1,2013-11-10,292,6,3,5,411,71.0,292,49,14,3,Yes,1,13.7,2.0,0,0.4246557770732793,-0.9011530727817771
11101,1991,Graduate,Together,89891.0,0,0,2013-04-15,412,11,6,8,836,49.3,412,23,25,0,No,0,20.5,1.0,0,1.3383468469753095,0.4312412622039538
5329,1949,Postgraduate,Divorced,35946.0,1,1,2013-09-27,8,0,0,3,11,72.7,8,65,3,2,Yes,1,15.1,2.0,1,-0.9864384853404484,-0.8603667516681208
610,1953,Postgraduate,Together,53593.0,1,1,2012-07-08,349,7,2,6,480,72.7,349,61,15,2,Yes,1,29.8,2.0,0,1.029547711386871,0.9745740836916478
9384,1978,Graduate,Married,66373.0,1,1,2013-12-06,328,4,2,10,606,54.1,328,36,16,2,Yes,1,12.8,1.0,0,0.3253897811511959,-0.6590852126729342
5956,1948,Postgraduate,Divorced,45072.0,1,2,2013-10-16,144,6,1,4,284,50.7,144,66,11,3,Yes,1,14.5,2.0,1,-0.47489569436530316,-0.4289540929837771
10430,1973,Graduate,Divorced,89694.0,1,1,2013-09-10,1126,4,3,4,1472,76.5,1126,41,11,2,Yes,1,15.7,1.0,0,1.9285213440164068,-0.8675651119286039
7875,1949,Graduate,Married,72025.0,0,0,2014-04-29,967,4,8,13,1677,57.7,967,65,25,0,No,0,8.1,1.0,0,2.2732839275210526,-1.2416100042769214
7072,1973,Graduate,Married,67432.0,0,1,2013-03-29,432,8,5,4,1335,32.4,432,41,17,1,Yes,1,21.1,1.0,0,0.3993763612874184,0.7488115101077711
6255,1952,Postgraduate,Together,70545.0,0,1,2014-03-06,138,4,1,7,334,41.3,138,62,12,1,Yes,1,9.9,2.0,1,-0.6862026850671509,-0.7780289202683293
6516,1989,Undergraduate,Married,17487.0,1,0,2013-03-18,0,1,0,2,18,0.0,0,25,3,1,Yes,1,21.5,0.0,1,-2.2118983384140276,1.3190039538635583
5564,1969,Graduate,Together,62882.0,0,1,2012-09-08,509,7,5,6,1338,38.0,509,45,18,1,Yes,1,27.7,1.0,0,0.8922725341685122,1.4237663531849045
5682,1953,Postgraduate,Single,64108.0,0,1,2013-03-23,948,6,9,11,1099,86.3,948,61,26,1,Yes,1,21.3,2.0,0,3.166941023400348,-0.22906521032914182
7458,1956,Postgraduate,Together,34941.0,1,1,2013-06-03,39,3,0,3,97,40.2,39,58,6,2,Yes,1,18.9,2.0,1,-1.1923005512077565,0.2531341534491771
5237,1950,Postgraduate,Single,48767.0,1,2,2014-01-01,28,2,1,3,63,44.4,28,64,6,3,Yes,1,12.0,2.0,1,-1.2972428986985534,-0.6437876262496505
5278,1964,Graduate,Married,82224.0,0,0,2014-01-25,307,6,9,5,902,34.0,307,50,20,0,No,0,11.2,1.0,0,0.20875721761038107,-0.4121546560880153
3560,1952,Graduate,Together,83844.0,0,0,2013-12-05,901,4,4,11,1574,57.2,901,62,19,0,No,0,12.8,1.0,0,1.740831202570641,-0.7330046013132305
10548,1995,Graduate,Single,71163.0,0,0,2014-09-03,283,3,8,12,960,29.5,283,19,23,0,No,0,3.9,1.0,0,0.15977553816632836,-1.1542437641808592
2281,1970,Graduate,Single,33697.0,1,0,2013-09-15,4,1,0,2,28,14.3,4,44,3,1,Yes,1,15.5,1.0,1,-2.077730953925654,0.3297194109813533
6974,1972,Postgraduate,Together,83443.0,0,0,2013-12-31,518,6,10,5,1497,34.6,518,42,21,0,No,0,12.0,2.0,0,0.7298242884508783,-0.3352964288102055
7938,1958,Postgraduate,Together,51518.0,0,1,2013-03-10,350,3,2,10,449,78.0,350,56,15,1,Yes,1,21.7,2.0,0,0.9400816696556276,-0.0866368433113717
7094,1975,Graduate,Widow,58330.0,0,1,2013-12-25,445,6,4,13,1064,41.8,445,39,23,1,Yes,1,12.2,1.0,0,0.8974450539589314,-0.42627506598269177
3667,1969,Graduate,Married,80952.0,0,0,2013-02-28,778,8,5,11,1757,44.3,778,45,24,0,No,0,22.0,1.0,0,1.9009287719218377,0.6678369692254534
7723,1979,Graduate,Together,75507.0,0,0,2014-02-05,709,8,6,6,1440,49.2,709,35,20,0,No,0,10.8,1.0,0,1.2584793567639643,-0.7877964299588246
4012,1972,Postgraduate,Together,62220.0,0,1,2012-11-08,799,7,6,5,1226,65.2,799,42,18,1,Yes,1,25.7,2.0,0,1.9131118836918104,0.6328758057738397
5909,1964,Graduate,Married,58512.0,0,1,2013-09-19,895,3,4,8,1171,76.4,895,50,15,1,Yes,1,15.4,1.0,0,1.8121197152129864,-0.8420427159259136
10470,1979,Postgraduate,Married,40662.0,1,0,2013-03-15,40,2,1,3,92,43.5,40,35,6,1,Yes,1,21.6,2.0,1,-1.065083052178856,0.5076476300742551
6488,1959,Postgraduate,Married,38829.0,0,1,2014-06-04,76,3,2,2,99,76.8,76,55,7,1,Yes,1,6.9,2.0,1,-0.6339405709932775,-1.8738738118190723
6887,1967,Graduate,Single,79146.0,1,1,2014-04-24,245,8,1,8,564,43.4,245,47,17,2,Yes,1,8.2,1.0,1,-0.05862686326008599,-0.976790270245657
6406,1988,Postgraduate,Married,78285.0,0,0,2013-10-28,647,6,4,10,1427,45.3,647,26,20,0,No,0,14.1,2.0,0,1.1436601916634261,-0.31664719634736654
7573,1978,Postgraduate,Single,31626.0,1,0,2013-10-05,39,2,1,2,86,45.3,39,36,5,1,Yes,1,14.8,2.0,1,-1.2777367160239834,-0.3415766611215917
4508,1952,Graduate,Single,75127.0,0,0,2014-05-22,203,2,11,5,833,24.4,203,62,18,0,No,0,7.3,1.0,1,-0.4319186832213098,-0.6979285584956796
221,1955,Graduate,Married,48726.0,0,1,2013-04-27,138,3,2,4,242,57.0,138,59,9,1,Yes,1,20.1,1.0,1,-0.4056188324747111,0.08959210477486194
5331,1977,Graduate,Married,74985.0,0,0,2012-11-09,587,3,6,7,1869,31.4,587,37,16,0,No,0,25.7,1.0,0,0.7031637119827744,1.2898551603671091
1911,1987,Graduate,Together,67430.0,0,0,2012-05-09,595,11,5,12,1364,43.6,595,27,28,0,No,0,31.7,1.0,0,2.101085481100121,1.8834310655491928
8786,1956,Postgraduate,Married,62058.0,0,1,2013-05-26,301,6,1,7,450,66.9,301,58,14,1,Yes,1,19.2,2.0,0,0.4946748642161102,-0.17151830415830258
10582,1979,Graduate,Married,72063.0,0,1,2013-03-07,180,5,2,12,758,23.7,180,35,19,1,Yes,1,21.8,1.0,1,-0.06375132245749061,1.0417937183377397
1915,1951,Postgraduate,Married,78939.0,0,0,2013-12-12,794,8,5,6,1507,52.7,794,63,19,0,No,0,12.6,2.0,0,1.4457154172753894,-0.6603596865383351
8897,1965,Graduate,Single,42720.0,1,1,2013-04-24,392,7,3,7,654,59.9,392,49,17,2,Yes,1,20.2,1.0,0,0.815801374430707,0.10752220619033476
2371,1972,Graduate,Married,33622.0,1,1,2013-04-13,39,2,0,4,81,48.1,39,42,6,2,Yes,1,20.6,1.0,1,-1.0044470543081296,0.29953009013937876
4303,1957,Postgraduate,Together,6835.0,0,1,2012-08-12,107,0,0,1,137,78.1,107,57,1,1,Yes,1,28.6,2.0,1,-0.5457900320114818,0.6014974972365537
6825,1953,Graduate,Together,41452.0,1,1,2013-06-03,13,1,0,2,16,81.2,13,61,3,2,Yes,1,18.9,1.0,1,-0.7283093259273756,-0.5778669887242287
1072,1965,Postgraduate,Single,40760.0,0,1,2013-08-30,70,2,1,3,93,75.3,70,49,6,1,Yes,1,16.0,2.0,1,-0.5438773943426654,-0.7787180088951956
4964,1958,Postgraduate,Together,74250.0,0,0,2014-01-26,680,2,11,4,1158,58.7,680,56,17,0,No,0,11.1,2.0,0,1.1342041802318144,-0.9668614561182672
2461,1955,Postgraduate,Single,51124.0,1,1,2013-12-18,26,1,0,3,43,60.5,26,59,4,2,Yes,1,12.4,2.0,1,-1.1591959166327441,-0.9319283508339353
10736,1971,Graduate,Single,72258.0,0,1,2013-12-09,522,6,9,5,1525,34.2,522,43,20,1,Yes,1,12.7,1.0,0,0.6620998209685801,-0.25534076423492635
3194,1974,Postgraduate,Single,71466.0,0,0,2014-05-04,412,4,4,10,1230,33.5,412,40,18,0,No,0,7.9,2.0,0,0.1552552708927934,-0.8211484658348024
10839,1976,Graduate,Together,36283.0,1,1,2014-04-14,6,1,0,3,29,20.7,6,38,4,2,Yes,1,8.6,1.0,1,-2.0320311287183945,-0.6009403839803131
49,1970,Graduate,Single,20587.0,1,0,2014-11-05,2,1,1,2,25,8.0,2,44,4,1,Yes,1,1.8,1.0,1,-2.437426646285423,-1.1559619306608226
4290,1972,Graduate,Married,30467.0,1,0,2014-03-19,1,1,0,2,24,4.2,1,42,3,1,Yes,1,9.4,1.0,1,-2.41606827087074,-0.19350135705813248
10219,1972,Graduate,Together,31590.0,1,0,2013-06-18,6,1,0,3,38,15.8,6,42,4,1,Yes,1,18.4,1.0,1,-1.8931522389135391,0.6533140682355547
4211,1986,Undergraduate,Married,20425.0,1,0,2012-10-29,4,2,0,3,57,7.0,4,28,5,1,Yes,1,26.1,0.0,1,-1.7961131510641715,1.7460958937765467
1135,1960,Postgraduate,Together,17144.0,1,1,2014-02-15,18,3,0,4,47,38.3,18,54,7,2,Yes,1,10.5,2.0,1,-1.3815557437906592,-0.6906820250613986
6299,1968,Postgraduate,Divorced,42564.0,0,1,2013-02-01,324,6,8,4,813,39.9,324,46,18,1,Yes,1,22.9,2.0,0,0.4583967510541396,0.8334846831505873
10846,1978,Postgraduate,Married,43783.0,1,0,2014-05-29,327,7,1,8,629,52.0,327,36,16,1,Yes,1,7.1,2.0,0,0.15004363017521818,-1.2916851459033252
347,1976,Graduate,Divorced,40780.0,0,1,2012-08-09,229,7,1,5,377,60.7,229,38,13,1,Yes,1,28.7,1.0,0,0.3790037522320622,1.0679556532347725
6543,1945,Postgraduate,Together,62847.0,0,0,2013-01-15,521,3,6,4,1612,32.3,521,69,13,0,No,0,23.5,2.0,0,0.28781160541242307,0.986378780388797
10446,1957,Postgraduate,Married,82017.0,0,0,2012-07-11,184,5,4,7,729,25.2,184,57,16,0,No,0,29.7,2.0,1,-0.09533927634150947,1.915037011726116
3479,1950,Graduate,Single,16813.0,0,0,2013-07-19,4,2,0,3,50,8.0,4,64,5,0,No,0,17.4,1.0,1,-1.9821011453752002,0.6981621366791366
11075,1978,Graduate,Married,51267.0,1,1,2013-10-29,183,3,3,5,270,67.8,183,36,11,2,Yes,1,14.1,1.0,1,-0.08911597880820256,-0.813775106223448
4442,1961,Graduate,Single,46524.0,0,1,2013-05-04,31,1,1,5,177,17.5,31,53,7,1,Yes,1,19.9,1.0,1,-1.5246168961728905,0.8263449547549468
199,1962,Postgraduate,Single,45183.0,0,0,2013-01-20,219,4,1,7,315,69.5,219,52,12,0,No,0,23.3,2.0,0,0.31295768892443626,0.24796720427368982
6722,1954,Postgraduate,Married,70421.0,0,1,2014-06-28,479,10,3,7,767,62.5,479,60,20,1,Yes,1,6.1,2.0,0,0.9536001685538465,-1.5858093310886152
3749,1973,Graduate,Together,73926.0,0,0,2013-02-03,627,6,5,12,1580,39.7,627,41,23,0,No,0,22.9,1.0,0,1.4606187262504846,0.865551252855736
8523,1968,Graduate,Married,19329.0,1,0,2013-12-14,24,4,0,3,60,40.0,24,46,7,1,Yes,1,12.5,1.0,1,-1.2911187381110774,-0.4879952816946766
310,1970,Postgraduate,Married,61872.0,0,1,2013-12-13,330,4,4,9,573,57.6,330,44,17,1,Yes,1,12.6,2.0,0,0.4744594779087322,-0.7410479967189866
8629,1956,Graduate,Widow,46984.0,1,1,2013-03-26,19,1,0,3,41,46.3,19,58,4,2,Yes,1,21.2,1.0,1,-1.231391098033055,0.38660099793865843
236,1951,Graduate,Married,34838.0,1,1,2013-01-19,28,2,1,4,170,16.5,28,63,7,2,Yes,1,23.4,1.0,1,-1.4667615376056007,1.2598518342514515
9930,1944,Postgraduate,Single,82716.0,0,0,2013-05-11,606,6,8,13,1167,51.9,606,70,27,0,No,0,19.7,2.0,0,1.9108561975387872,0.2914618375349206
3483,1958,Graduate,Married,48192.0,0,0,2013-06-04,1039,2,8,12,1526,68.1,1039,56,22,0,No,0,18.9,1.0,0,2.6075363782113,-0.20493336186521166
4599,1976,Postgraduate,Married,49681.0,0,2,2013-04-11,411,7,1,7,458,89.7,411,38,15,2,Yes,1,20.7,2.0,0,1.2530732548346286,-0.4384345997136988
7326,1971,Postgraduate,Married,56850.0,0,1,2014-03-23,34,1,1,3,63,54.0,34,43,5,1,Yes,1,9.3,2.0,1,-1.25395562960319,-1.1615110192862435
7352,1957,Graduate,Married,55267.0,0,1,2013-10-21,161,3,4,6,405,39.8,161,57,13,1,Yes,1,14.3,1.0,1,-0.48201022170013047,-0.22005844617769643
2350,1972,Graduate,Married,59666.0,1,1,2013-03-22,623,3,2,8,1027,60.7,623,42,13,2,Yes,1,21.3,1.0,0,0.9641273111207386,0.16286830625047574
9145,1972,Graduate,Single,72504.0,0,1,2013-06-04,604,5,9,6,1478,40.9,604,42,20,1,Yes,1,18.9,1.0,0,1.0913899855511524,0.3401238416620801
2964,1981,Graduate,Married,26872.0,0,0,2013-10-16,3,1,1,2,72,4.2,3,33,4,0,No,0,14.5,1.0,1,-2.207798937013562,0.41948594347113216
5585,1972,Graduate,Single,21359.0,1,0,2013-04-20,12,2,0,3,48,25.0,12,42,5,1,Yes,1,20.4,1.0,1,-1.577930963647431,0.7195797756851634
9687,1975,Graduate,Single,73170.0,0,0,2014-05-31,184,5,4,6,726,25.3,184,39,15,0,No,0,7.0,1.0,1,-0.7119962290305979,-0.7804424667808578
3732,1955,Postgraduate,Married,52750.0,0,1,2013-04-02,393,5,7,9,860,45.7,393,59,21,1,Yes,1,21.0,2.0,0,0.9084554194775418,0.5210213116110595
6303,1986,Postgraduate,Together,91820.0,0,0,2013-11-23,410,5,5,12,1497,27.4,410,28,22,0,No,0,13.2,2.0,0,0.4996065846234675,-0.03396494715034265
11176,1970,Postgraduate,Together,65968.0,0,1,2014-12-05,376,5,4,7,495,76.0,376,44,16,1,Yes,1,0.9,2.0,0,0.5477624987701595,-2.4978442937065246
2986,1976,Graduate,Married,30772.0,1,1,2014-12-03,7,1,0,2,20,35.0,7,38,3,2,Yes,1,0.9,1.0,1,-2.0280609416647346,-1.8012432117068562
7462,1954,Graduate,Single,22507.0,0,0,2012-11-24,68,10,2,4,570,11.9,68,60,16,0,No,0,25.2,1.0,1,-0.6736715200625137,1.65225784167303
3900,1972,Graduate,Married,65685.0,0,1,2014-03-29,642,9,2,9,769,83.5,642,42,20,1,Yes,1,9.1,1.0,0,1.7313186228317634,-1.654596952183679
9493,1980,Postgraduate,Single,76412.0,0,0,2013-05-05,840,5,4,8,1808,46.5,840,34,17,0,No,0,19.9,2.0,0,1.4212499380809225,0.2996638959927663
1143,1972,Graduate,Married,22063.0,1,0,2013-08-08,7,2,0,3,55,12.7,7,42,5,1,Yes,1,16.8,1.0,1,-1.902473901760789,0.535061227101958
1,1961,Graduate,Single,57091.0,0,0,2014-06-15,464,7,3,7,577,80.4,464,53,17,0,No,0,6.5,1.0,0,1.0158677257675748,-1.9184652130842543
3855,1963,Graduate,Married,22419.0,0,0,2013-04-18,30,3,2,2,162,18.5,30,51,7,0,No,0,20.4,1.0,1,-1.4960636332131065,0.865960522628372
5536,1959,Graduate,Together,87771.0,0,1,2013-05-22,1492,5,10,4,1957,76.2,1257,55,19,1,Yes,1,19.3,1.0,0,2.9353819919512434,-0.3638356570701573
9499,1954,Graduate,Married,93404.0,1,2,2013-07-05,1279,3,4,7,1616,79.1,1257,60,14,3,Yes,1,17.9,1.0,0,2.53463357498922,-0.6375724237353607
6768,1962,Graduate,Divorced,37859.0,1,2,2013-12-01,22,1,0,3,36,61.1,22,52,4,3,Yes,1,13.0,1.0,1,-1.1415570227364267,-0.8724357848085977
2150,1958,Postgraduate,Widow,80995.0,0,1,2013-11-05,860,8,9,4,1482,58.0,860,56,21,1,Yes,1,13.8,2.0,0,1.8691590068647221,-0.6066828886530372
6646,1984,Graduate,Together,16529.0,1,0,2014-01-03,3,1,0,3,22,13.6,3,30,4,1,Yes,1,11.9,1.0,1,-2.093047292369608,-0.07173811647586857
4887,1976,Postgraduate,Divorced,55412.0,1,1,2013-11-22,10,2,0,3,63,15.9,10,38,5,2,Yes,1,13.3,2.0,1,-1.9191547490127923,0.05851510263464736
8560,1992,Graduate,Single,48789.0,0,0,2012-10-09,351,6,4,7,680,51.6,351,22,17,0,No,0,26.7,1.0,0,0.73439356584281,1.0413818197959228
3321,1967,Postgraduate,Together,56575.0,0,2,2013-05-05,421,7,3,7,542,77.7,421,47,17,2,Yes,1,19.9,2.0,0,1.1977649528856669,-0.27840165969257974
10402,1967,Graduate,Married,35441.0,1,1,2013-02-14,25,1,0,3,39,64.1,25,47,4,2,Yes,1,22.5,1.0,1,-0.8561019434102932,0.19157627017104278
9904,1956,Graduate,Married,71391.0,0,1,2013-03-29,336,6,5,12,1043,32.2,336,58,23,1,Yes,1,21.1,1.0,0,0.7171406031689902,0.8219487290039962
6141,1972,Postgraduate,Single,49494.0,1,0,2013-04-25,191,6,1,5,385,49.6,191,42,12,1,Yes,1,20.2,2.0,1,-0.1863809685721247,0.27300497012562797
5687,1980,Graduate,Divorced,81702.0,0,0,2012-09-23,563,7,7,12,1633,34.5,563,34,26,0,No,0,27.2,1.0,0,1.594394172222554,1.5114014782112457
5121,1977,Graduate,Single,56628.0,0,1,2014-03-21,479,7,6,5,761,62.9,479,37,18,1,Yes,1,9.4,1.0,0,0.8698994325187545,-1.2241704187666682
4186,1950,Graduate,Together,34026.0,1,1,2013-05-08,18,2,1,3,76,23.7,18,64,6,2,Yes,1,19.8,1.0,1,-1.5204002142710946,0.6839309572418794
368,1974,Graduate,Married,40049.0,0,1,2012-11-29,91,3,2,6,290,31.4,91,40,11,1,Yes,1,25.0,1.0,1,-0.6911834650840636,1.1938410747774812
3312,1988,Graduate,Single,34176.0,1,0,2014-12-05,5,3,0,4,89,5.6,5,26,7,1,Yes,1,0.9,1.0,1,-2.2444896756017347,-1.1847135206806232
11121,1981,Graduate,Married,19419.0,1,0,2012-10-11,2,4,0,3,70,2.9,2,33,7,1,Yes,1,26.6,1.0,1,-1.696103660242548,1.906168692745026
5848,1970,Graduate,Together,81205.0,0,0,2014-01-13,724,5,6,7,2009,36.0,724,44,18,0,No,0,11.6,1.0,0,0.8903274319129889,-0.45676213816912736
5935,1956,Postgraduate,Single,55284.0,0,1,2012-12-24,547,7,5,8,764,71.6,547,58,20,1,Yes,1,24.2,2.0,0,1.6808269237781521,0.3704045836364908
2895,1963,Graduate,Single,49980.0,0,1,2013-10-23,104,3,1,5,195,53.3,104,51,9,1,Yes,1,14.3,1.0,1,-0.6768541101769855,-0.5209822715776465
10262,1980,Graduate,Married,15072.0,2,0,2013-10-05,8,3,1,3,53,15.1,8,34,7,2,Yes,1,14.8,1.0,1,-1.733854332451283,0.27223253574793654
7848,1974,Graduate,Single,49166.0,0,1,2013-06-13,224,5,3,3,368,60.9,224,40,11,1,Yes,1,18.6,1.0,1,-0.03336586559848799,-0.15003414605590018
9477,1954,Postgraduate,Married,65324.0,0,1,2014-11-01,384,6,2,9,544,70.6,384,60,17,1,Yes,1,2.0,2.0,0,0.5724125082785744,-2.252491877919957
7186,1966,Postgraduate,Together,30843.0,1,1,2014-05-26,24,1,1,2,35,68.6,24,48,4,2,Yes,1,7.2,2.0,1,-1.1338044846031954,-1.7048950133415444
5794,1974,Postgraduate,Married,46374.0,0,1,2014-03-17,408,7,1,7,446,91.5,408,40,15,1,Yes,1,9.5,2.0,0,1.017453903019839,-1.797296414624102
1456,1979,Graduate,Single,60474.0,0,1,2013-01-04,265,10,2,12,1180,22.5,265,35,24,1,Yes,1,23.9,1.0,0,0.5490794612169392,1.3584609672126962
4877,1973,Postgraduate,Married,38576.0,0,1,2014-04-03,34,1,0,3,41,82.9,34,41,4,1,Yes,1,8.9,2.0,1,-0.8069005572981264,-1.7844752553446899
425,1985,Graduate,Married,55357.0,2,0,2013-02-19,374,6,2,11,727,51.4,374,29,19,2,Yes,1,22.3,1.0,0,0.8402764424858774,0.5440328615254776
3007,1966,Graduate,Together,37758.0,1,1,2012-04-10,27,1,0,3,40,67.5,27,48,4,2,Yes,1,32.7,1.0,1,-0.5486171815478808,1.330582569245441
4297,1969,Graduate,Together,23228.0,1,0,2014-01-26,13,2,0,3,40,32.5,13,45,5,1,Yes,1,11.1,1.0,1,-1.654457484583736,-0.5265145982098842
807,1969,Postgraduate,Together,44602.0,1,1,2014-02-15,167,6,1,4,292,57.2,167,45,11,2,Yes,1,10.5,2.0,1,-0.40303928632409125,-1.0307030405370832
9553,1987,Graduate,Married,7500.0,0,0,2013-09-01,0,0,0,3,15,0.0,0,27,3,0,No,0,16.0,1.0,1,-2.341308711632289,0.6688846950579562
2036,1973,Postgraduate,Together,57906.0,0,1,2013-11-06,243,4,2,8,401,60.6,243,41,14,1,Yes,1,13.8,2.0,1,0.1379423826762176,-0.6820960718370457
115,1966,Postgraduate,Single,43456.0,0,1,2013-03-26,275,5,1,8,393,70.0,275,48,14,1,Yes,1,21.2,2.0,0,0.5496497233157603,0.006247356499295732
4259,1986,Postgraduate,Single,19485.0,2,0,2013-09-24,6,1,0,2,10,60.0,6,28,3,2,Yes,1,15.2,2.0,1,-1.2256288006450997,-0.5999383577845299
8687,1978,Graduate,Together,53172.0,0,1,2013-06-05,121,2,3,8,486,24.9,121,36,13,1,Yes,1,18.9,1.0,1,-0.7297199625059156,0.6182551390569102
2447,1979,Graduate,Together,30545.0,1,0,2012-10-17,4,2,0,3,69,5.8,4,35,5,1,Yes,1,26.4,1.0,1,-1.8115132277878776,1.8050328960591098
10140,1983,Postgraduate,Together,70123.0,0,0,2013-09-28,1308,5,7,4,1727,75.7,1257,31,16,0,No,0,15.1,2.0,0,2.5739518295233093,-0.8814197057511539
9353,1959,Graduate,Single,62450.0,0,1,2014-06-01,515,5,5,4,995,51.8,515,55,14,1,Yes,1,7.0,1.0,0,0.33739097857096123,-1.3346968885189174
3623,1976,Graduate,Together,21675.0,1,0,2014-11-06,4,4,0,3,45,8.9,4,38,7,1,Yes,1,1.8,1.0,1,-2.1634786691237324,-1.142812126454451
7631,1978,Postgraduate,Together,61346.0,1,0,2013-06-10,562,5,7,10,989,56.8,562,36,22,1,Yes,1,18.7,2.0,0,1.472162669058253,0.029272735797438207
4789,1953,Graduate,Together,80812.0,0,0,2013-09-17,769,4,8,5,1677,45.9,769,61,17,0,No,0,15.4,1.0,0,1.1673220711043586,-0.21503905816675434
773,1971,Postgraduate,Divorced,42835.0,1,1,2013-06-30,379,6,6,4,595,63.7,379,43,16,2,Yes,1,18.0,2.0,0,0.7256891742143088,-0.23616724108035647
10602,1983,Graduate,Married,39922.0,1,0,2013-02-14,29,3,0,4,156,18.6,29,31,7,1,Yes,1,22.5,1.0,1,-1.4467078344915367,1.11230865691512
1446,1956,Postgraduate,Single,86424.0,0,0,2014-05-04,387,6,9,12,1226,31.6,387,58,27,0,No,0,7.9,2.0,0,0.8312699374141581,-0.6893174871549866
8443,1972,Graduate,Single,24762.0,1,0,2014-10-02,6,3,1,2,86,7.0,6,42,6,1,Yes,1,3.0,1.0,1,-2.2513660944351694,-0.9742555508429125
9653,1975,Graduate,Married,35797.0,0,1,2012-10-16,27,2,0,3,68,39.7,27,39,5,1,Yes,1,26.5,1.0,1,-1.1303774460572147,1.1518840722517611
8916,1975,Graduate,Divorced,36627.0,2,0,2013-07-23,9,0,0,3,16,56.2,9,39,3,2,Yes,1,17.3,1.0,1,-1.2415561675326026,-0.27760182110629944
5830,1972,Postgraduate,Single,86857.0,0,0,2012-12-09,899,5,6,10,2114,42.5,899,42,21,0,No,0,24.7,2.0,0,1.9106868215437363,0.9819590234934709
4597,1970,Postgraduate,Together,82072.0,0,0,2013-02-07,889,3,2,13,2018,44.1,889,44,18,0,No,0,22.7,2.0,0,1.6210537171703616,0.6841108650954025
7023,1953,Postgraduate,Single,46231.0,2,1,2012-11-26,189,6,1,4,263,71.9,189,61,11,3,Yes,1,25.1,2.0,1,0.2580011044815738,0.4057912479479258
8086,1959,Graduate,Married,42243.0,1,1,2013-11-12,48,2,0,3,55,87.3,48,55,5,2,Yes,1,13.6,1.0,1,-0.5025698236949,-1.3057731682950107
8825,1962,Graduate,Together,51195.0,1,1,2013-01-04,230,9,2,5,564,40.8,230,52,16,2,Yes,1,23.9,1.0,0,0.14879847512810235,0.92072225790352
2930,1978,Postgraduate,Single,68092.0,0,0,2013-12-16,852,2,6,10,1281,66.5,852,36,18,0,No,0,12.5,2.0,0,1.7289885604329005,-0.9569295392763023
1928,1973,Graduate,Married,31814.0,1,0,2013-09-02,35,2,0,3,83,42.2,35,41,5,1,Yes,1,15.9,1.0,1,-1.3175812845017143,-0.1505981595721168
7108,1965,Postgraduate,Widow,51390.0,1,1,2012-08-09,205,5,2,5,353,58.1,205,49,12,2,Yes,1,28.7,2.0,1,0.19967826751233816,1.1103671984211327
10925,1983,Graduate,Married,76630.0,0,0,2014-01-14,255,3,10,11,1003,25.4,255,31,24,0,No,0,11.5,1.0,0,0.29232335084312727,-0.16322490041408502
9960,1991,Undergraduate,Single,26868.0,1,0,2014-04-30,0,1,0,2,14,0.0,0,23,3,1,Yes,1,8.0,0.0,1,-2.5295419817679416,-0.27674331775019234
8800,1943,Postgraduate,Divorced,48948.0,0,0,2013-01-02,437,7,10,5,902,48.4,437,71,22,0,No,0,23.9,2.0,0,1.1964271010213534,0.817901386921521
9224,1972,Postgraduate,Single,55260.0,0,1,2012-12-12,825,8,10,5,1139,72.4,825,42,23,1,Yes,1,24.6,2.0,0,2.494167930062422,0.41150969115610025
5519,1956,Graduate,Together,64090.0,0,1,2013-07-08,316,6,9,4,797,39.6,316,58,19,1,Yes,1,17.8,1.0,0,0.40178392554803033,0.24743635771466557
5046,1958,Graduate,Divorced,78331.0,0,1,2014-01-23,756,10,6,7,1638,46.2,756,56,23,1,Yes,1,11.2,1.0,0,1.5555629706160812,-0.6545383426205815
7037,1974,Postgraduate,Married,37087.0,1,0,2013-11-08,194,4,2,8,401,48.4,194,40,14,1,Yes,1,13.7,2.0,1,-0.18716508000492416,-0.45146584350913144
905,1986,Graduate,Divorced,21846.0,1,0,2013-10-22,7,4,0,3,84,8.3,7,28,7,1,Yes,1,14.3,1.0,1,-1.874812586558107,0.34623828873501855
8624,1958,Graduate,Married,81320.0,0,0,2013-06-02,183,4,3,10,928,19.7,183,56,17,0,No,0,19.0,1.0,1,-0.3675479394460257,0.7682384301106936
8945,1970,Graduate,Divorced,54137.0,0,1,2013-08-16,171,4,1,4,203,84.2,171,44,9,1,Yes,1,16.5,1.0,1,0.08233399302808611,-0.8706067131416216
6445,1967,Graduate,Together,66825.0,0,0,2013-07-14,243,4,5,6,858,28.3,243,47,15,0,No,0,17.6,1.0,1,-0.2927468854902722,0.4092752664379273
2727,1973,Graduate,Together,57100.0,0,0,2013-04-12,181,3,3,6,409,44.3,181,41,12,0,No,0,20.6,1.0,1,-0.295432479813141,0.42474292697397936
6404,1969,Graduate,Together,58917.0,1,2,2013-03-24,151,4,1,6,282,53.5,151,45,11,3,Yes,1,21.3,1.0,1,-0.2490044675614984,0.31951272534096753
11074,1977,Graduate,Single,85072.0,0,0,2014-09-04,494,3,4,10,1423,34.7,494,37,17,0,No,0,3.9,1.0,0,0.15719512038886976,-1.3340651266881685
10150,1961,Graduate,Single,86429.0,0,0,2013-11-21,464,7,4,7,1449,32.0,464,53,18,0,No,0,13.3,1.0,0,0.3544433738219054,-0.15751434999260042
1968,1971,Graduate,Widow,45684.0,1,0,2013-02-12,5,1,0,2,28,17.9,5,43,3,1,Yes,1,22.6,1.0,1,-1.841370450233696,1.098459306700348
6534,1974,Graduate,Together,47889.0,1,0,2014-04-01,29,2,0,3,67,43.3,29,40,5,1,Yes,1,9.0,1.0,1,-1.4709072446472011,-0.9872592816557647
9485,1986,Postgraduate,Married,45921.0,0,0,2014-10-03,102,2,1,6,199,51.3,102,28,9,0,No,0,2.9,2.0,1,-0.9863719008136546,-1.8292213830092345
7053,1966,Postgraduate,Single,78420.0,0,0,2013-06-29,604,3,10,8,1453,41.6,604,48,21,0,No,0,18.1,2.0,0,1.170084256785956,0.24217039801027934
4654,1992,Graduate,Together,75114.0,0,0,2013-07-11,571,3,10,5,1253,45.6,571,22,18,0,No,0,17.7,1.0,0,0.9186943772879678,0.08826947412299378
9760,1963,Postgraduate,Widow,52278.0,0,1,2013-01-25,953,10,5,10,1198,79.5,953,51,25,1,Yes,1,23.2,2.0,0,3.0095981532700256,0.11786262220460389
1048,1972,Postgraduate,Married,35641.0,1,0,2013-07-14,63,3,1,4,178,35.4,63,42,8,1,Yes,1,17.6,2.0,1,-1.0976424390248065,0.2121300884757469
10619,1994,Graduate,Single,95529.0,0,0,2012-03-12,770,7,3,7,1990,38.7,770,20,17,0,No,0,33.6,1.0,0,1.4627268179254018,2.0770432715438663
9308,1954,Graduate,Married,62820.0,0,0,2013-11-05,398,3,4,6,976,40.8,398,60,13,0,No,0,13.8,1.0,1,-0.018359311832509016,-0.3169986173736879
10505,1960,Postgraduate,Together,73113.0,0,0,2013-12-26,741,3,4,7,1001,74.0,741,54,14,0,No,0,12.2,2.0,0,1.3107336197568327,-1.1717707031062212
8362,1982,Postgraduate,Married,84169.0,0,0,2013-07-08,1478,7,6,6,1919,77.0,1257,32,19,0,No,0,17.8,2.0,0,2.915060803370003,-0.5567915440065235
4637,1954,Postgraduate,Single,74637.0,0,0,2013-05-18,960,6,9,9,1650,58.2,960,60,24,0,No,0,19.4,2.0,0,2.4506156239967685,0.07454402607356377
9972,1955,Postgraduate,Together,46015.0,1,1,2014-04-13,38,1,0,3,46,82.6,38,59,4,2,Yes,1,8.6,2.0,1,-0.8118659974759088,-1.814375758840286
4483,1993,Graduate,Single,72354.0,0,0,2013-04-17,315,2,10,6,1228,25.7,315,21,18,0,No,0,20.5,1.0,0,0.11882098469353868,0.8282890344747011
4487,1969,Postgraduate,Single,39858.0,1,0,2013-01-24,15,2,0,4,95,15.8,15,45,6,1,Yes,1,23.2,2.0,1,-1.5940360116148076,1.2406042094412641
4988,1948,Postgraduate,Married,34469.0,1,1,2014-04-05,19,1,1,4,62,30.6,19,66,6,2,Yes,1,8.9,2.0,1,-1.6458028014114263,-0.7395510433136693
8931,1986,Graduate,Together,83033.0,1,0,2014-05-18,812,11,4,10,1761,46.1,812,28,25,1,Yes,1,7.5,1.0,0,1.7433789388033782,-1.0736458170554763
5871,1979,Postgraduate,Together,24401.0,0,0,2012-08-31,73,6,1,6,467,15.6,73,35,13,0,No,0,28.0,2.0,1,-0.7821566689575364,1.879546921683942
2008,1978,Graduate,Married,77583.0,0,0,2014-10-02,372,4,5,9,1149,32.4,372,36,18,0,No,0,3.0,1.0,0,-0.05770499813046553,-1.3757415915358362
10037,1993,Graduate,Single,74293.0,0,0,2014-04-05,375,5,4,6,1127,33.3,375,21,15,0,No,0,8.9,1.0,1,-0.14950768511048207,-0.7270902152069042
10673,1976,Postgraduate,Married,68397.0,0,1,2013-11-17,760,6,9,5,1416,53.7,760,38,20,1,Yes,1,13.4,2.0,0,1.5021529335293722,-0.5724347673692997
5303,1974,Postgraduate,Together,79632.0,0,0,2014-08-04,471,6,4,9,1113,42.3,471,40,19,0,No,0,4.9,2.0,0,0.4474756569544961,-1.3421617919204518
538,1989,Graduate,Single,46107.0,1,0,2014-10-02,31,1,1,4,125,24.8,31,25,6,1,Yes,1,3.0,1.0,1,-1.8700517818908755,-1.324409925279666
7922,1951,Postgraduate,Single,64950.0,0,1,2012-12-08,819,11,2,10,966,84.8,819,63,23,1,Yes,1,24.7,2.0,0,2.7170333439505105,0.18120786747498827
5692,1989,Undergraduate,Married,25443.0,1,0,2012-12-22,1,1,0,3,32,3.1,1,25,4,1,Yes,1,24.3,0.0,1,-2.001654443525407,1.599554102129445
4843,1952,Graduate,Single,75127.0,0,0,2014-05-22,203,2,11,5,833,24.4,203,62,18,0,No,0,7.3,1.0,1,-0.4319186832213098,-0.6979285584956796
6383,1971,Postgraduate,Together,32892.0,1,0,2014-05-25,26,3,0,3,46,56.5,26,43,6,1,Yes,1,7.2,2.0,1,-1.187577055316247,-1.4477260607910447
1628,1971,Graduate,Together,71796.0,0,0,2013-10-24,354,9,3,4,960,36.9,354,43,16,0,No,0,14.2,1.0,0,0.08652287570213607,-0.15911653421054062
1204,1970,Postgraduate,Married,67536.0,0,1,2013-05-22,1253,11,5,11,1829,68.5,1253,44,27,1,Yes,1,19.3,2.0,0,3.458896127809574,-0.13046055593050088
3673,1971,Graduate,Single,55239.0,0,1,2013-07-14,371,7,5,11,779,47.6,371,43,23,1,Yes,1,17.6,1.0,0,0.9904552451732331,0.10426290015355491
760,1975,Postgraduate,Divorced,60554.0,1,0,2013-09-08,588,8,4,9,811,72.5,588,39,21,1,Yes,1,15.7,2.0,0,1.6610969486924054,-0.6447900008768811
4128,1962,Postgraduate,Together,56067.0,0,1,2013-07-20,517,7,4,7,725,71.3,517,52,18,1,Yes,1,17.4,2.0,0,1.2885706017681067,-0.4458042577499506
6810,1983,Graduate,Divorced,82025.0,0,0,2013-05-28,267,3,2,6,1187,22.5,267,31,11,0,No,0,19.1,1.0,1,-0.6574225199732766,0.6569823220339117
5386,1953,Graduate,Together,94384.0,0,0,2013-04-03,1111,5,8,5,2302,48.3,1111,61,18,0,No,0,20.9,1.0,0,2.0851018681398963,0.37206025730069076
8700,1986,Undergraduate,Single,14906.0,0,0,2012-12-22,7,2,1,3,66,10.6,7,28,6,0,No,0,24.3,0.0,1,-1.6808915362524284,1.4729740676105458
3202,1987,Postgraduate,Married,51563.0,0,0,2012-01-10,1166,4,4,10,1250,93.3,1166,27,18,0,No,0,35.7,2.0,0,3.381524517343424,1.236882825130588
8405,1979,Graduate,Divorced,68274.0,1,1,2013-09-30,135,4,2,5,305,44.3,135,35,11,2,Yes,1,15.0,1.0,1,-0.6002545420020787,-0.24395327373138495
6515,1977,Graduate,Together,39771.0,1,0,2013-06-12,6,2,0,3,50,12.0,6,37,5,1,Yes,1,18.6,1.0,1,-1.875149400238501,0.761598945443239
7574,1979,Postgraduate,Together,27922.0,1,0,2014-10-05,11,2,0,3,41,26.8,11,35,5,1,Yes,1,2.9,2.0,1,-1.957930008923671,-1.3841183197945843
6387,1976,Postgraduate,Together,52190.0,1,1,2014-08-05,42,2,1,3,77,54.5,42,38,6,2,Yes,1,4.9,2.0,1,-1.2482934402402235,-1.6817012919997127
5320,1973,Postgraduate,Divorced,44051.0,1,1,2013-01-29,79,3,1,4,171,46.2,79,41,8,2,Yes,1,23.0,2.0,1,-0.737623508336097,0.6379116670375055
5048,1971,Postgraduate,Single,42767.0,2,0,2013-11-05,20,3,1,2,131,15.3,20,43,6,2,Yes,1,13.8,2.0,1,-1.8149329305790054,0.13888738976864454
8146,1976,Postgraduate,Together,46106.0,1,1,2014-11-05,30,1,1,2,54,55.6,30,38,4,2,Yes,1,1.8,2.0,1,-1.4926038521330502,-2.089333772244702
10031,1976,Postgraduate,Married,16927.0,1,1,2013-10-02,20,3,0,4,53,37.7,20,38,7,2,Yes,1,14.9,2.0,1,-1.2854028506225699,-0.15900286259871582
5748,1965,Graduate,Married,59754.0,0,1,2012-01-12,115,5,2,6,475,24.2,115,49,13,1,Yes,1,35.6,1.0,1,-0.36144601228191525,2.6064105824606876
2134,1952,Graduate,Single,53700.0,0,1,2012-08-17,263,5,5,8,694,37.9,263,62,18,1,Yes,1,28.4,1.0,0,0.43282854385293246,1.5274342530225808
1523,1973,Graduate,Married,59041.0,1,1,2014-07-05,69,2,0,4,96,71.9,69,41,6,2,Yes,1,5.9,1.0,1,-0.8470822369431938,-1.905981068050956
9665,1957,Postgraduate,Divorced,54237.0,0,1,2013-04-27,267,5,2,5,361,74.0,267,57,12,1,Yes,1,20.1,2.0,0,0.41438113468593124,-0.22202011169830127
4640,1967,Graduate,Divorced,70647.0,0,1,2012-09-21,561,4,7,13,1079,52.0,561,47,24,1,Yes,1,27.3,1.0,0,1.7515843684043677,1.1604110927106879
3635,1962,Postgraduate,Single,52597.0,0,1,2014-07-05,492,6,3,8,578,85.1,492,52,17,1,Yes,1,5.9,2.0,0,1.1436700540116913,-2.0834938786980293
3547,1969,Postgraduate,Together,41021.0,1,0,2012-12-30,14,2,0,3,64,21.9,14,45,5,1,Yes,1,24.0,2.0,1,-1.5473906148966414,1.2056043697884018
2456,1975,Postgraduate,Married,40233.0,0,1,2013-10-14,80,2,1,5,149,53.7,80,39,8,1,Yes,1,14.6,2.0,1,-0.7929737863821411,-0.5017995554166255
5633,1980,Graduate,Married,50183.0,1,1,2014-06-25,97,3,1,6,231,42.0,97,34,10,2,Yes,1,6.2,1.0,1,-1.0079999651752076,-1.246521987204059
7801,1959,Graduate,Together,54753.0,0,1,2013-12-09,197,5,2,11,728,27.1,197,55,18,1,Yes,1,12.7,1.0,1,-0.2658908913948404,-0.1119878799564763
10489,1973,Graduate,Married,92955.0,0,0,2013-08-19,693,6,7,9,1778,39.0,693,41,22,0,No,0,16.4,1.0,0,1.33734381943932,0.09552985888348693
7011,1973,Graduate,Married,33471.0,1,0,2012-12-10,43,3,0,4,93,46.2,43,41,7,1,Yes,1,24.7,1.0,1,-0.8514126776743697,0.8313299256049383
2620,1974,Postgraduate,Married,34596.0,1,0,2013-04-13,14,1,0,2,23,60.9,14,40,3,1,Yes,1,20.6,2.0,1,-1.0663111979566842,0.02013670507756648
3933,1980,Graduate,Together,44010.0,1,0,2012-10-13,186,10,2,6,662,28.1,186,34,18,1,Yes,1,26.6,1.0,0,0.05868306519027965,1.5123257117852364
10981,1988,Graduate,Married,84219.0,0,0,2014-02-02,434,3,4,10,1198,36.2,434,26,17,0,No,0,10.9,1.0,0,0.23435255908851382,-0.5313589407460291
1734,1968,Postgraduate,Together,40706.0,2,1,2013-01-17,59,3,0,4,81,72.8,59,46,7,3,Yes,1,23.4,2.0,1,-0.3533312567326682,0.15604801137681196
9209,1971,Postgraduate,Together,80573.0,0,0,2012-10-14,829,4,6,13,1564,53.0,829,43,23,0,No,0,26.5,2.0,0,2.1834970182074143,1.0153157907020138
10286,1962,Graduate,Married,83715.0,0,0,2014-03-02,318,2,8,13,926,34.3,318,52,23,0,No,0,10.0,1.0,0,0.46058382254152097,-0.5298050700749116
2611,1959,Postgraduate,Together,82576.0,0,0,2012-01-08,1206,2,4,12,1910,63.1,1206,55,18,0,No,0,35.7,2.0,0,2.8933909065138415,1.824609869162187
1600,1965,Postgraduate,Married,56962.0,2,1,2013-11-10,292,6,3,5,411,71.0,292,49,14,3,Yes,1,13.7,2.0,0,0.4246557770732793,-0.9011530727817771
3308,1952,Graduate,Married,35704.0,1,1,2014-03-01,30,2,0,4,94,31.9,30,62,6,2,Yes,1,10.0,1.0,1,-1.5743932964807619,-0.6358076853277637
5407,1954,Graduate,Together,53103.0,0,1,2013-12-09,729,10,6,7,1085,67.2,729,60,23,1,Yes,1,12.7,1.0,0,1.9318570435578029,-0.8859802702390405
3955,1965,Graduate,Divorced,4861.0,0,0,2014-06-22,2,0,0,0,6,33.3,2,49,0,0,No,0,6.3,1.0,1,-2.1957050212096187,-1.160212142008497
6634,1979,Postgraduate,Divorced,33462.0,1,0,2013-07-08,22,2,0,3,54,40.7,22,35,5,1,Yes,1,17.8,2.0,1,-1.3260004572941841,0.10433586636167089
3056,1978,Graduate,Divorced,63693.0,0,1,2013-10-14,587,11,6,9,1150,51.0,587,36,26,1,Yes,1,14.6,1.0,0,1.652983687868065,-0.30260762503776506
5718,1950,Graduate,Married,80763.0,0,0,2013-08-15,674,5,11,6,1415,47.6,674,64,22,0,No,0,16.5,1.0,0,1.4640385788662857,-0.05942901761811174
6872,1974,Postgraduate,Married,65352.0,0,1,2013-08-21,284,4,2,8,405,70.1,284,40,14,1,Yes,1,16.3,2.0,0,0.45357144452051634,-0.5756001228357245
8164,1978,Postgraduate,Married,82170.0,0,0,2013-11-25,1023,5,6,7,1908,53.6,1023,36,18,0,No,0,13.2,2.0,0,1.8335441886336847,-0.635006457571638
4580,1969,Graduate,Married,75759.0,0,0,2013-10-25,1394,9,7,9,2486,56.1,1257,45,25,0,No,0,14.2,1.0,0,2.945697678565679,-0.5116293454655494
453,1956,Postgraduate,Widow,35340.0,1,1,2014-06-29,27,2,0,3,45,60.0,27,58,5,2,Yes,1,6.1,2.0,1,-1.230443839584806,-1.656602211730545
8545,1954,Graduate,Divorced,85683.0,0,0,2014-03-21,1296,2,4,10,1789,72.4,1257,60,16,0,No,0,9.4,1.0,0,2.3780738575787272,-1.490620797420751
7378,1981,Postgraduate,Together,42021.0,1,0,2012-08-31,393,10,1,6,573,68.6,393,33,17,1,Yes,1,28.0,2.0,0,1.1640822927631522,0.8592317578704471
7646,1989,Graduate,Single,64449.0,1,0,2014-02-18,218,5,3,12,805,27.1,218,25,20,1,Yes,1,10.4,1.0,1,-0.11070765071924182,-0.3648679230155647
1640,1954,Graduate,Divorced,64587.0,1,1,2014-06-22,66,1,1,4,108,61.1,66,60,6,2,Yes,1,6.3,1.0,1,-1.0455810027761083,-1.647184770465837
5184,1995,Graduate,Single,34824.0,0,0,2014-03-26,4,1,0,2,23,17.4,4,19,3,0,No,0,9.2,1.0,1,-2.167946024576849,-0.4756088579275631
8492,1978,Graduate,Together,75437.0,0,0,2013-09-11,795,8,4,10,1493,53.2,795,36,22,0,No,0,15.6,1.0,0,1.7808375925681634,-0.28469695002002476
11188,1957,Graduate,Together,26091.0,1,1,2014-02-25,15,2,1,3,89,16.9,15,57,6,2,Yes,1,10.2,1.0,1,-1.8793278199276002,-0.3175609338573802
1212,1973,Graduate,Married,52845.0,1,0,2013-08-13,384,8,8,6,936,41.0,384,41,22,1,Yes,1,16.6,1.0,0,0.7840369790925414,0.10387103747892634
9097,1956,Graduate,Divorced,46086.0,0,1,2013-03-11,244,3,1,8,343,71.1,244,58,12,1,Yes,1,21.7,1.0,0,0.35343121866540084,0.025612576605786676
10473,1956,Postgraduate,Widow,78028.0,0,1,2012-10-09,158,6,4,9,528,29.9,158,58,19,1,Yes,1,26.7,2.0,0,0.12518474018771722,1.501394883849937
7962,1987,Postgraduate,Single,95169.0,0,0,2013-09-10,1285,4,3,4,1901,67.6,1257,27,11,0,No,0,15.7,2.0,0,2.0143891735187682,-0.7035532443602904
5527,1987,Graduate,Together,22434.0,1,0,2013-02-13,4,2,0,3,58,6.9,4,27,5,1,Yes,1,22.5,1.0,1,-1.8826896913213649,1.3225196173297344
6374,1954,Postgraduate,Married,36930.0,0,1,2013-05-17,223,5,2,4,297,75.1,223,60,11,1,Yes,1,19.5,2.0,1,0.25164612875979586,-0.3213726473669033
7453,1954,Graduate,Single,36130.0,0,1,2013-02-02,157,3,8,4,488,32.2,157,60,15,1,Yes,1,22.9,1.0,1,-0.2607734560017628,0.9660884623318793
8952,1953,Postgraduate,Married,65569.0,0,1,2012-05-11,397,6,5,10,859,46.2,397,61,21,1,Yes,1,31.7,2.0,0,1.1772832753054772,1.7757086911918285
241,1952,Graduate,Together,83844.0,0,0,2013-12-05,901,4,4,11,1574,57.2,901,62,19,0,No,0,12.8,1.0,0,1.740831202570641,-0.7330046013132305
8975,1968,Graduate,Married,19514.0,1,1,2014-01-26,14,3,1,2,69,20.3,14,46,6,2,Yes,1,11.1,1.0,1,-1.7964452447534487,-0.2776158689480633
6119,1963,Postgraduate,Single,36736.0,1,1,2013-10-05,10,1,0,2,17,58.8,10,51,3,2,Yes,1,14.8,2.0,1,-1.2497912749649223,-0.6240522475885347
5236,1979,Graduate,Together,77568.0,0,1,2012-08-25,1230,10,2,8,2194,56.1,1230,35,20,1,Yes,1,28.2,1.0,0,2.800993723026374,1.093783339233247
5723,1976,Postgraduate,Together,49187.0,0,1,2014-11-01,81,1,1,5,116,69.8,81,38,7,1,Yes,1,2.0,2.0,1,-0.87060824075588,-2.3165134686915456
1710,1978,Graduate,Single,30168.0,1,0,2013-07-03,154,6,1,4,279,55.2,154,36,11,1,Yes,1,17.9,1.0,1,-0.2914059293790468,-0.1158681092134193
1970,1968,Postgraduate,Together,34053.0,0,1,2012-10-09,63,3,0,3,103,61.2,63,46,6,1,Yes,1,26.7,2.0,1,-0.5694956053896091,0.7624416636024787
5313,1971,Postgraduate,Married,38196.0,1,1,2014-04-18,30,2,0,4,44,68.2,30,43,6,2,Yes,1,8.4,2.0,1,-0.9326605138056694,-1.5350808299076908
10634,1951,Postgraduate,Married,59412.0,0,0,2014-04-19,90,4,2,8,406,22.2,90,63,14,0,No,0,8.4,2.0,1,-1.0026289719205042,-0.5573666558663275
8562,1969,Graduate,Together,54165.0,0,0,2013-05-28,127,2,1,7,236,53.8,127,45,10,0,No,0,19.1,1.0,1,-0.42581860938019495,0.0451430168162974
3158,1973,Graduate,Married,32300.0,1,0,2013-03-01,13,1,0,3,39,33.3,13,41,4,1,Yes,1,22.0,1.0,1,-1.4674337218300375,0.7359492718593824
4436,1976,Graduate,Single,20180.0,0,0,2013-02-20,18,2,1,4,137,13.1,18,38,7,0,No,0,22.3,1.0,1,-1.575546981770214,1.1971142816780336
5287,1973,Graduate,Married,34961.0,1,0,2014-06-19,45,3,1,3,79,57.0,45,41,7,1,Yes,1,6.4,1.0,1,-1.0760128571551664,-1.5432319403969492
2445,1974,Postgraduate,Together,28440.0,1,0,2013-07-07,38,2,0,3,63,60.3,38,40,5,1,Yes,1,17.8,2.0,1,-0.9283409386858955,-0.2803384436052942
6059,1953,Postgraduate,Together,64504.0,1,2,2013-04-03,986,11,3,4,1314,75.0,986,61,18,3,Yes,1,20.9,2.0,0,2.343935286863253,-0.14064089011656244
4550,1966,Postgraduate,Together,33564.0,0,1,2014-06-24,61,1,1,3,71,85.9,61,48,5,1,Yes,1,6.2,2.0,1,-0.6778365163090232,-2.154092902845611
4240,1978,Graduate,Married,17345.0,1,0,2012-03-11,4,2,1,2,58,6.9,4,36,5,1,Yes,1,33.7,1.0,1,-1.6191631131314508,2.646398835261143
8911,1967,Postgraduate,Married,56320.0,0,1,2013-08-04,201,5,4,9,702,28.6,201,47,18,1,Yes,1,16.9,2.0,1,-0.1312868805906293,0.35481344604912407
3706,1978,Graduate,Single,28647.0,1,0,2013-08-21,19,2,2,2,94,20.2,19,36,6,1,Yes,1,16.3,1.0,1,-1.6663301709354827,0.338613117486769
3628,1987,Undergraduate,Single,15038.0,1,0,2013-01-29,4,2,1,2,80,5.0,4,27,5,1,Yes,1,23.0,0.0,1,-1.9064849171647247,1.4187916251504853
10175,1958,Postgraduate,Divorced,32173.0,0,1,2013-01-08,18,1,0,3,22,81.8,18,56,4,1,Yes,1,23.7,2.0,1,-0.5100883173678236,-0.012310045300790072
5204,1971,Graduate,Together,74538.0,0,0,2013-06-29,380,8,8,5,1461,26.0,380,43,21,0,No,0,18.1,1.0,0,0.4464707819044942,0.5646304655275342
9220,1971,Graduate,Single,91700.0,0,0,2013-01-17,576,8,6,5,1968,29.3,576,43,19,0,No,0,23.4,1.0,0,0.8417965190885365,1.0908292235358124
9888,1969,Graduate,Together,68695.0,0,0,2014-06-25,458,4,4,7,1091,42.0,458,45,15,0,No,0,6.2,1.0,0,0.10973134375435237,-1.2228404701375233
1020,1973,Graduate,Married,79593.0,0,0,2014-12-05,350,5,6,7,1366,25.6,350,41,18,0,No,0,0.9,1.0,1,-0.27677697735337253,-1.4892421260396436
9503,1980,Graduate,Single,28071.0,0,0,2012-08-29,39,5,1,5,313,12.5,39,34,11,0,No,0,28.1,1.0,1,-1.072173732508517,1.9340279031823193
10613,1958,Postgraduate,Together,37334.0,1,1,2014-02-26,26,3,0,4,62,41.9,26,56,7,2,Yes,1,10.1,2.0,1,-1.3081749071545588,-0.8090081630402902
67,1972,Postgraduate,Single,46423.0,1,1,2013-09-18,68,2,0,4,92,73.9,68,42,6,2,Yes,1,15.4,2.0,1,-0.5880508581193069,-0.8220972789369118
6019,1971,Postgraduate,Married,37126.0,1,0,2014-03-30,45,1,2,2,72,62.5,45,43,5,1,Yes,1,9.1,2.0,1,-1.0783810849468143,-1.3522879241952088
5863,1953,Graduate,Married,47703.0,0,1,2013-05-29,359,6,3,8,655,54.8,359,61,17,1,Yes,1,19.1,1.0,0,0.6308781845722257,0.07981578755711734
3717,1959,Graduate,Married,61180.0,0,1,2014-04-23,403,5,5,6,704,57.2,403,55,16,1,Yes,1,8.3,1.0,0,0.4220524501696377,-1.2574304468098063
6730,1954,Graduate,Married,38998.0,1,1,2012-03-11,34,2,0,3,54,63.0,34,60,5,2,Yes,1,33.7,1.0,1,-0.5114029730360055,1.5465847812616769
10749,1991,Graduate,Single,8028.0,0,0,2012-09-18,73,0,1,0,178,41.0,73,23,1,0,No,0,27.4,1.0,1,-1.3338951238996468,1.1880732200782378
4998,1962,Graduate,Together,76081.0,0,0,2014-05-23,292,4,5,4,1033,28.3,292,52,13,0,No,0,7.3,1.0,1,-0.609507289666349,-0.8326065275782882
6287,1986,Graduate,Together,34728.0,1,0,2013-07-30,14,1,1,2,36,38.9,14,28,4,1,Yes,1,17.0,1.0,1,-1.4783446652952672,0.03530021186895596
5985,1965,Postgraduate,Single,33168.0,0,1,2012-10-13,80,2,1,4,122,65.6,80,49,7,1,Yes,1,26.6,2.0,1,-0.3723238237122097,0.6735356122428775
4754,1966,Postgraduate,Married,33585.0,0,1,2013-09-25,30,2,0,4,122,24.6,30,48,6,1,Yes,1,15.2,2.0,1,-1.5886661857114919,0.12166256312793404
4002,1960,Postgraduate,Married,77037.0,0,1,2013-10-13,463,7,7,12,1123,41.2,463,54,26,1,Yes,1,14.6,2.0,0,1.2306215358820882,-0.10132568204447517
8870,1984,Graduate,Together,35196.0,1,0,2012-11-13,75,6,1,5,497,15.1,75,30,12,1,Yes,1,25.6,1.0,1,-0.9285471040839259,1.5951822810958465
966,1966,Graduate,Married,44529.0,0,1,2013-05-07,538,6,2,11,691,77.9,538,48,19,1,Yes,1,19.8,1.0,0,1.5934478052189371,-0.2825492410436671
9725,1966,Postgraduate,Together,28764.0,1,1,2014-05-06,8,1,0,2,12,66.7,8,48,3,2,Yes,1,7.9,2.0,1,-1.2681425502314982,-1.5940522041841656
4475,1949,Postgraduate,Married,69098.0,0,0,2013-02-16,1315,7,8,9,2440,53.9,1257,65,24,0,No,0,22.4,2.0,0,3.0130456517641133,0.4903749497866112
5731,1983,Postgraduate,Married,27100.0,1,0,2013-05-04,12,1,0,3,37,32.4,12,31,4,1,Yes,1,19.9,2.0,1,-1.5356160768911788,0.5054059925904003
7290,1985,Graduate,Single,70596.0,0,0,2012-05-10,347,3,5,12,968,35.8,347,29,20,0,No,0,31.7,1.0,0,0.8018733442712083,1.9727187893709244
3846,1974,Graduate,Married,42557.0,0,1,2012-08-29,192,6,1,4,270,71.1,192,40,11,1,Yes,1,28.1,1.0,0,0.319397041368813,0.7758210565614289
8104,1951,Postgraduate,Married,53312.0,0,0,2013-09-08,241,5,1,5,278,86.7,241,63,11,0,No,0,15.7,2.0,0,0.41402335513207617,-0.9988681385522818
4507,1952,Graduate,Single,72228.0,0,0,2012-11-27,631,6,7,8,1250,50.5,631,62,21,0,No,0,25.1,1.0,0,1.5533870735120283,0.8933996234978069
11013,1987,Graduate,Together,67605.0,0,0,2013-03-31,336,2,8,6,938,35.8,336,27,16,0,No,0,21.0,1.0,0,0.19124783872640996,0.6675748835081382
4491,1949,Postgraduate,Married,62845.0,1,1,2012-01-10,1099,3,4,10,1178,93.3,1099,65,17,2,Yes,1,35.7,2.0,0,3.1679986731604908,1.2317455484616686
3759,1958,Graduate,Together,65196.0,0,2,2013-07-25,743,7,6,11,1155,64.3,743,56,24,2,Yes,1,17.2,1.0,0,2.0948574305887337,-0.28810684337916365
1162,1987,Postgraduate,Single,42000.0,0,0,2013-10-01,124,5,2,11,653,19.0,124,27,18,0,No,0,15.0,2.0,1,-0.504042137737679,0.323971896017968
2055,1973,Postgraduate,Divorced,35860.0,1,1,2014-05-19,15,1,1,2,49,30.6,15,41,4,2,Yes,1,7.4,2.0,1,-1.8576377878532602,-0.9371551804433367
10766,1964,Postgraduate,Married,65526.0,0,1,2014-11-04,397,4,4,8,506,78.5,397,50,16,1,Yes,1,1.9,2.0,0,0.658547946029803,-2.4301683400976173
4415,1961,Graduate,Married,16860.0,1,1,2012-12-09,10,1,1,3,38,26.3,10,53,5,2,Yes,1,24.7,1.0,1,-1.4562791946699523,1.2025767719333584
3005,1992,Graduate,Single,83528.0,0,0,2014-01-05,530,4,10,8,1650,32.1,530,22,22,0,No,0,11.8,1.0,0,0.7858698972913343,-0.30065055625960757
4817,1956,Graduate,Divorced,22304.0,0,0,2012-04-08,3,1,0,2,18,16.7,3,58,3,0,No,0,32.8,1.0,1,-1.6276858619349077,2.3277651953159224
2875,1978,Graduate,Married,67023.0,0,0,2014-04-03,444,3,7,13,906,49.0,444,36,23,0,No,0,8.9,1.0,0,0.9526247727655415,-0.9571252218381358
10536,1971,Postgraduate,Together,32892.0,1,0,2014-05-25,26,3,0,3,46,56.5,26,43,6,1,Yes,1,7.2,2.0,1,-1.187577055316247,-1.4477260607910447
11112,1966,Graduate,Together,70713.0,0,1,2012-03-12,736,5,6,8,1477,49.8,736,48,19,1,Yes,1,33.6,1.0,0,1.7737860628522293,1.8831197912767483
3807,1955,Graduate,Together,59925.0,0,1,2012-11-30,473,9,2,9,766,61.7,473,59,20,1,Yes,1,25.0,1.0,0,1.371766699369002,0.6643501451542575
9197,1953,Graduate,Married,39722.0,0,1,2014-02-24,32,2,0,3,47,68.1,32,61,5,1,Yes,1,10.2,1.0,1,-0.9727422073262438,-1.3308160810389278
10832,1958,Graduate,Together,46610.0,0,0,2013-07-18,288,6,1,6,467,61.7,288,56,13,0,No,0,17.4,1.0,0,0.24553314485305083,-0.29185671227165316
6421,1961,Graduate,Together,88347.0,0,0,2013-03-07,1050,4,7,9,2116,49.6,1050,53,20,0,No,0,21.8,1.0,0,2.181894532334264,0.4783221780457854
4207,1981,Postgraduate,Married,87171.0,0,0,2013-01-05,1001,6,7,11,1298,77.1,1001,33,24,0,No,0,23.8,2.0,0,2.9868775449363256,0.22173167233246802
10855,1968,Postgraduate,Single,50014.0,1,0,2014-01-22,234,4,1,8,396,59.1,234,46,13,1,Yes,1,11.3,2.0,1,-0.05071369252543151,-0.9578695567605927
3081,1978,Postgraduate,Married,41014.0,1,0,2013-04-22,7,1,0,2,20,35.0,7,36,3,1,Yes,1,20.3,2.0,1,-1.5715952615857767,0.4919047193529045
3535,1965,Graduate,Single,66294.0,0,0,2014-03-17,251,4,3,5,967,26.0,251,49,12,0,No,0,9.5,1.0,1,-0.76421297655852,-0.5347053927153661
247,1971,Graduate,Married,36715.0,1,0,2012-11-17,172,7,2,4,357,48.2,172,43,13,1,Yes,1,25.4,1.0,1,-0.04242775167329446,0.9268205463217027
8707,1956,Graduate,Married,79456.0,0,0,2012-08-22,565,5,6,4,1401,40.3,565,58,15,0,No,0,28.3,1.0,0,0.8040984468846922,1.4144637177948867
9523,1982,Graduate,Together,40479.0,1,0,2013-08-17,5,0,0,3,15,33.3,5,32,3,1,Yes,1,16.5,1.0,1,-1.6966767395051274,0.07614323213849349
6072,1970,Postgraduate,Single,75345.0,0,0,2013-02-02,918,5,8,6,2087,44.0,918,44,19,0,No,0,22.9,2.0,0,1.7641876957733846,0.7177753605770066
6295,1977,Graduate,Married,54233.0,0,1,2013-04-02,652,11,6,5,981,66.5,652,37,22,1,Yes,1,21.0,1.0,0,1.8812522024156817,0.10443692401311694
10914,1970,Graduate,Single,24163.0,1,1,2013-12-10,4,1,0,3,17,23.5,4,44,4,2,Yes,1,12.7,1.0,1,-1.8870116610520662,-0.17092902780514424
1509,1958,Postgraduate,Together,84460.0,0,0,2013-04-01,152,9,9,4,523,29.1,152,56,22,0,No,0,21.0,2.0,0,0.21778381746170977,0.8746592092487454
5577,1983,Graduate,Together,43776.0,1,0,2014-03-05,8,1,0,2,23,34.8,8,31,3,1,Yes,1,9.9,1.0,1,-1.8181146467692357,-0.7335761489054429
7348,1958,Postgraduate,Single,71691.0,0,0,2014-03-17,336,4,7,5,1192,28.2,336,56,16,0,No,0,9.5,2.0,1,-0.2215767080009433,-0.5430843568226096
1127,1973,Postgraduate,Married,85844.0,0,0,2014-05-29,938,6,6,7,1958,47.9,938,41,19,0,No,0,7.1,2.0,0,1.5039582341090603,-1.2276790129057016
1833,1974,Postgraduate,Single,39190.0,1,0,2014-04-26,68,2,1,4,133,51.1,68,40,7,1,Yes,1,8.2,2.0,1,-1.0997618465881287,-1.2168157433743505
4944,1959,Graduate,Together,71367.0,0,0,2013-08-23,227,4,5,7,777,29.2,227,55,16,0,No,0,16.3,1.0,1,-0.2529061104096597,0.24954117721532898
9080,1972,Postgraduate,Single,38578.0,1,1,2013-06-22,38,3,0,3,73,52.1,38,42,6,2,Yes,1,18.3,2.0,1,-0.9856283750113427,-0.050514025975692704
6466,1965,Postgraduate,Married,57236.0,1,1,2014-12-03,105,2,1,4,121,86.8,105,49,7,2,Yes,1,0.9,2.0,1,-0.5320755558096213,-2.7809639501131174
9964,1979,Graduate,Single,61825.0,0,1,2013-07-08,162,4,2,8,424,38.2,162,35,14,1,Yes,1,17.8,1.0,1,-0.34325964439366097,0.23518163110107912
4790,1958,Graduate,Divorced,79803.0,0,1,2014-02-06,574,4,3,5,868,66.1,574,56,12,1,Yes,1,10.8,1.0,0,0.6392960704102151,-1.1904355046856476
1109,1982,Postgraduate,Together,27590.0,1,0,2013-04-23,6,1,0,2,12,50.0,6,32,3,1,Yes,1,20.3,2.0,1,-1.2927869605485587,0.19853243206614635
6001,1979,Graduate,Married,56775.0,0,1,2013-02-01,614,5,8,10,937,65.5,614,35,23,1,Yes,1,22.9,1.0,0,1.9184324058495765,0.36182072224622425
5538,1975,Graduate,Divorced,83829.0,0,0,2013-08-10,897,4,7,6,1862,48.2,897,39,17,0,No,0,16.7,1.0,0,1.487612490816929,-0.11624019128046474
1545,1986,Graduate,Married,38508.0,1,0,2013-02-08,120,7,2,5,443,27.1,120,28,14,1,Yes,1,22.7,1.0,1,-0.5166450338860593,1.0347699732584363
7409,1970,Graduate,Together,53187.0,1,0,2013-10-26,211,4,1,6,267,79.0,211,44,11,1,Yes,1,14.2,1.0,1,0.17680872582249302,-1.0232227263120734
4444,1972,Graduate,Married,30023.0,1,0,2014-03-24,11,2,0,3,61,18.0,11,42,5,1,Yes,1,9.3,1.0,1,-1.9720414380762936,-0.45545892966484197
146,1960,Postgraduate,Single,76045.0,0,0,2013-11-15,760,4,5,11,1323,57.4,760,54,20,0,No,0,13.5,2.0,0,1.5737538911635947,-0.6329986019328258
6271,1952,Postgraduate,Married,50870.0,0,1,2014-06-19,53,2,0,3,63,84.1,53,62,5,1,Yes,1,6.4,2.0,1,-0.7222349481678265,-2.0946213928903097
246,1965,Graduate,Married,66480.0,1,1,2014-05-31,199,4,1,7,312,63.8,199,49,12,2,Yes,1,7.0,1.0,1,-0.21578708236123484,-1.5656968959329116
375,1954,Graduate,Divorced,76773.0,0,0,2013-02-25,516,2,2,11,1156,44.6,516,60,15,0,No,0,22.1,1.0,0,0.644271950589762,0.6012582490755434
10022,1973,Postgraduate,Single,54466.0,1,1,2014-09-02,12,1,0,2,16,75.0,12,41,3,2,Yes,1,3.9,2.0,1,-1.1992109699781737,-2.229549984853045
7451,1960,Postgraduate,Single,98777.0,0,0,2014-02-17,1000,4,6,9,2008,49.8,1000,54,19,0,No,0,10.4,2.0,0,1.7366384731485243,-0.8795585496133406
11010,1984,Postgraduate,Single,16269.0,1,0,2013-08-30,19,3,0,3,44,43.2,19,30,6,1,Yes,1,16.0,2.0,1,-1.2429281184512135,-0.1468036758701439
4356,1971,Graduate,Together,71819.0,0,1,2013-08-28,1224,3,3,5,1574,77.8,1224,43,11,1,Yes,1,16.1,1.0,0,2.151109732321576,-0.8532727960707666
3885,1983,Postgraduate,Married,33569.0,1,0,2013-10-16,16,1,1,2,63,25.4,16,31,4,1,Yes,1,14.5,2.0,1,-1.7859753294224479,0.003741695158881635
1175,1983,Postgraduate,Married,36262.0,0,0,2013-09-20,88,3,5,3,426,20.7,88,31,11,0,No,0,15.3,2.0,1,-1.1254551657670901,0.25682567687545793
880,1966,Undergraduate,Together,22634.0,0,0,2013-01-16,2,2,1,2,96,2.1,2,48,5,0,No,0,23.5,0.0,1,-1.9528498367399547,1.5347811466227117
850,1968,Graduate,Single,70566.0,0,1,2013-06-10,381,6,5,9,757,50.3,381,46,20,1,Yes,1,18.7,1.0,0,0.8328898563388312,0.149783769403964
4713,1979,Postgraduate,Married,31605.0,1,0,2012-11-22,74,2,1,4,125,59.2,74,35,7,1,Yes,1,25.3,2.0,1,-0.5342541469739424,0.6455387978890443
675,1973,Postgraduate,Divorced,52034.0,1,1,2013-05-17,146,4,2,5,332,44.0,146,41,11,2,Yes,1,19.5,2.0,1,-0.4787909964021519,0.29298325876766057
5025,1979,Graduate,Single,48526.0,1,0,2013-12-24,23,2,1,4,135,17.0,23,35,7,1,Yes,1,12.2,1.0,1,-1.7305652892407086,-0.07342347905691121
2308,1954,Graduate,Married,46734.0,0,1,2012-11-18,110,6,1,5,330,33.3,110,60,12,1,Yes,1,25.4,1.0,1,-0.5251823146565436,1.2127907866568315
5995,1962,Graduate,Divorced,39552.0,1,1,2012-12-18,165,6,2,5,384,43.0,165,52,13,2,Yes,1,24.4,1.0,1,-0.17676750633633614,0.9108859408873814
6749,1966,Graduate,Single,86358.0,1,1,2012-08-08,957,5,3,6,1722,55.6,957,48,14,2,Yes,1,28.7,1.0,0,1.7708288305207849,1.121895855455678
1010,1977,Graduate,Together,46931.0,2,1,2014-04-24,41,1,1,3,78,52.6,41,37,5,3,Yes,1,8.2,1.0,1,-1.292550642296616,-1.2646860323016438
8977,1985,Undergraduate,Single,16581.0,0,0,2013-12-01,1,0,0,3,24,4.2,1,29,3,0,No,0,13.0,0.0,1,-2.331363299309696,0.2320312487055344
3412,1951,Postgraduate,Married,67381.0,0,1,2013-01-15,815,2,2,9,957,85.2,815,63,13,1,Yes,1,23.5,2.0,0,1.8444104409207764,-0.07118983921777317
606,1967,Graduate,Single,25930.0,1,1,2013-10-10,6,1,0,2,15,40.0,6,47,3,2,Yes,1,14.7,1.0,1,-1.6117071192584531,-0.2677742452140765
5961,1978,Graduate,Married,42693.0,1,0,2014-07-06,8,1,0,3,57,14.0,8,36,4,1,Yes,1,5.8,1.0,1,-2.2194538691375048,-0.8009903447168202
2975,1976,Graduate,Together,85606.0,0,1,2012-12-11,717,6,7,9,1956,36.7,717,38,22,1,Yes,1,24.6,1.0,0,1.5334849225614453,1.1079435005043676
2894,1985,Graduate,Single,72903.0,0,0,2013-10-29,1067,7,5,8,2013,53.0,1067,29,20,0,No,0,14.1,1.0,0,2.097112403045977,-0.499670855160007
10542,1968,Postgraduate,Married,36778.0,1,1,2012-05-08,29,3,0,3,77,37.7,29,46,6,2,Yes,1,31.8,2.0,1,-0.9548336543696327,1.8276386594383258
8015,1962,Postgraduate,Divorced,85696.0,0,0,2013-03-05,714,4,6,9,1313,54.4,714,52,19,0,No,0,21.9,2.0,0,1.5421929908275678,0.4118440992817142
10617,1989,Postgraduate,Divorced,10979.0,0,0,2014-05-22,8,3,0,3,30,26.7,8,25,6,0,No,0,7.3,2.0,1,-1.777637671825453,-0.8515315898618586
11166,1961,Graduate,Married,49678.0,0,1,2013-02-02,229,6,2,4,315,72.7,229,53,12,1,Yes,1,22.9,1.0,0,0.38270625754631576,0.13731216307928945
849,1953,Postgraduate,Together,56129.0,0,1,2013-06-20,320,6,2,10,660,48.5,320,61,18,1,Yes,1,18.4,2.0,0,0.5057624309309283,0.13363304566234513
523,1989,Graduate,Married,37155.0,1,0,2013-01-31,23,2,0,4,74,31.1,23,25,6,1,Yes,1,23.0,1.0,1,-1.2969758057758387,0.9170282417105632
8414,1962,Postgraduate,Single,33419.0,0,1,2013-08-17,56,2,0,4,86,65.1,56,52,6,1,Yes,1,16.5,2.0,1,-0.7499908693590583,-0.5189911243950012
819,1945,Graduate,Widow,63285.0,0,0,2013-05-11,508,6,5,13,1103,46.1,508,69,24,0,No,0,19.7,1.0,0,1.3602090292877094,0.381574753034965
4961,1974,Postgraduate,Together,21255.0,1,0,2014-01-21,29,2,1,4,61,47.5,29,40,7,1,Yes,1,11.3,2.0,1,-1.169351059494281,-0.776949733587329
749,1981,Graduate,Together,42162.0,1,0,2013-11-19,46,3,1,3,145,31.7,46,33,7,1,Yes,1,13.4,1.0,1,-1.3828886225270738,-0.22093322226701512
5430,1956,Graduate,Together,54450.0,1,1,2012-09-14,454,9,2,8,684,66.4,454,58,19,2,Yes,1,27.5,1.0,0,1.3975236433115148,0.8590728530054434
7755,1954,Postgraduate,Married,57744.0,0,1,2013-12-11,350,9,1,4,411,85.2,350,60,14,1,Yes,1,12.6,2.0,0,0.7763026536237544,-1.3134480815411849
10525,1986,Graduate,Single,26576.0,1,0,2012-10-13,10,1,0,2,27,37.0,10,28,3,1,Yes,1,26.6,1.0,1,-1.380149177275398,1.1972288623778338
1453,1943,Postgraduate,Widow,57513.0,0,0,2013-06-07,735,9,3,13,1060,69.3,735,71,25,0,No,0,18.8,2.0,0,2.2950831097171505,-0.18587716188156606
8310,1964,Graduate,Together,68142.0,0,1,2012-08-29,897,10,4,7,1459,61.5,897,50,21,1,Yes,1,28.1,1.0,0,2.3424300068493933,1.0123025792174472
10710,1979,Graduate,Married,7500.0,0,1,2012-08-29,5,1,0,2,18,27.8,5,35,3,1,Yes,1,28.1,1.0,1,-1.5266747760966466,1.5549019631373235
5031,1974,Graduate,Together,83145.0,0,0,2012-09-22,777,5,9,11,1833,42.4,777,40,25,0,No,0,27.3,1.0,0,2.0725631221500045,1.3418665578195546
2613,1960,Postgraduate,Married,54197.0,0,1,2014-03-04,162,1,3,6,237,68.4,162,54,10,1,Yes,1,9.9,2.0,1,-0.3015927219167993,-1.3306521366251116
213,1963,Postgraduate,Single,23091.0,1,1,2014-05-28,35,2,1,3,48,72.9,35,51,6,2,Yes,1,7.1,2.0,1,-0.8656496745577513,-1.7810784110885107
967,1976,Graduate,Married,46049.0,1,1,2013-07-21,342,5,2,9,515,66.4,342,38,16,2,Yes,1,17.3,1.0,0,0.6884519926215087,-0.3688775048219868
1077,1974,Graduate,Together,56715.0,0,0,2012-05-12,258,7,3,4,1020,25.3,258,40,14,0,No,0,31.6,1.0,1,-0.07499729023486114,2.111353851888876
7959,1961,Graduate,Married,79410.0,0,0,2014-05-29,658,3,2,5,1370,48.0,658,53,10,0,No,0,7.1,1.0,0,0.2065192985746023,-1.3007774402356544
640,1951,Graduate,Married,57304.0,0,1,2013-11-03,356,7,6,10,1026,34.7,356,63,23,1,Yes,1,13.9,1.0,0,0.6330599451544012,-0.07956692027398521
4252,1965,Graduate,Married,44375.0,0,1,2014-03-23,213,4,1,6,301,70.8,213,49,11,1,Yes,1,9.3,1.0,1,-0.08809877844946652,-1.4421551006578972
8432,1956,Graduate,Together,54450.0,1,1,2012-09-14,454,9,2,8,684,66.4,454,58,19,2,Yes,1,27.5,1.0,0,1.3975236433115148,0.8590728530054434
6218,1965,Graduate,Married,59594.0,0,1,2012-10-20,457,8,1,7,499,91.6,457,49,16,1,Yes,1,26.3,1.0,0,1.5934551222504045,0.19309134397142416
6905,1994,Graduate,Together,80685.0,0,0,2012-08-22,241,6,4,10,1004,24.0,241,20,20,0,No,0,28.3,1.0,0,0.2967667394879795,1.8098474289114983
5922,1974,Postgraduate,Married,40344.0,0,1,2013-10-13,210,4,1,5,218,96.3,210,40,10,1,Yes,1,14.6,2.0,0,0.42365815300260606,-1.3246128500930823
3598,1972,Graduate,Married,62710.0,0,1,2013-05-23,441,4,2,12,606,72.8,441,42,18,1,Yes,1,19.3,1.0,0,1.2148972765932609,-0.24470216610958417
6263,1968,Graduate,Together,35322.0,1,2,2012-08-22,28,2,0,4,106,26.4,28,46,6,3,Yes,1,28.3,1.0,1,-1.2505999761040485,1.6350687268808186
10486,1948,Graduate,Married,77142.0,0,0,2013-05-29,476,4,4,8,990,48.1,476,66,16,0,No,0,19.1,1.0,0,0.6465258606219152,0.191564290688121
2410,1969,Graduate,Single,81657.0,0,0,2014-01-22,364,3,4,8,1097,33.2,364,45,15,0,No,0,11.3,1.0,1,-0.11610631000300582,-0.4405972693915024
193,1996,Undergraduate,Married,14421.0,0,0,2014-02-17,0,1,0,2,16,0.0,0,18,3,0,No,0,10.4,0.0,1,-2.4730720007272455,0.006945086092252257
8278,1990,Postgraduate,Married,74214.0,0,0,2012-08-26,863,8,2,5,1711,50.4,863,24,15,0,No,0,28.2,2.0,0,1.5650209781051705,1.182075254676219
10660,1957,Postgraduate,Married,66726.0,1,1,2014-12-01,349,8,2,4,438,79.7,349,57,14,2,Yes,1,1.0,2.0,0,0.3985011302536543,-2.5769334774445216
8686,1979,Undergraduate,Together,23724.0,1,0,2013-08-01,5,2,0,3,75,6.7,5,35,5,1,Yes,1,17.0,0.0,1,-2.0139161985467364,0.676235906916378
1604,1960,Postgraduate,Married,47353.0,0,1,2013-11-13,184,2,2,6,225,81.8,184,54,10,1,Yes,1,13.6,2.0,1,0.07864944527909676,-1.1571437344720925
5907,1952,Postgraduate,Married,33444.0,1,1,2012-03-11,8,1,0,2,18,44.4,8,62,3,2,Yes,1,33.7,2.0,1,-1.0784500732853288,1.8918595747807374
10669,1981,Graduate,Married,54386.0,0,1,2013-05-17,277,3,2,10,470,58.9,277,33,15,1,Yes,1,19.5,1.0,0,0.39017665228505305,0.03260340031251836
2918,1981,Graduate,Divorced,28510.0,1,1,2013-04-13,44,2,0,4,91,48.4,44,33,6,2,Yes,1,20.6,1.0,1,-0.9891973312937404,0.2932755509814951
5735,1991,Postgraduate,Single,90638.0,0,0,2014-02-13,1156,3,4,10,2525,45.8,1156,23,17,0,No,0,10.5,2.0,0,1.7959079345179598,-0.822121550141403
359,1950,Graduate,Together,48070.0,0,1,2013-01-13,373,8,2,6,504,74.0,373,64,16,1,Yes,1,23.6,1.0,0,1.038662018701522,0.2247331096980851
8387,1957,Graduate,Married,43140.0,0,1,2013-05-01,134,4,1,5,235,57.0,134,57,10,1,Yes,1,20.0,1.0,1,-0.3312631445168366,0.08838385842761287
1829,1961,Postgraduate,Divorced,54959.0,0,1,2013-01-19,1148,9,5,4,1232,93.2,1148,53,18,1,Yes,1,23.4,2.0,0,3.055558234880321,-0.21367593089873688
3839,1958,Undergraduate,Single,15056.0,1,1,2013-03-05,6,2,2,3,88,6.8,6,56,7,2,Yes,1,21.9,0.0,1,-1.7259915137566657,1.2740069508970453
9392,1971,Graduate,Single,26954.0,1,0,2014-08-05,4,1,0,2,17,23.5,4,43,3,1,Yes,1,4.9,1.0,1,-2.1549557168096505,-1.1032200031400865
2292,1985,Graduate,Single,22327.0,1,0,2013-02-08,5,1,0,3,24,20.8,5,29,4,1,Yes,1,22.7,1.0,1,-1.7003254247933453,1.0638497695186575
10466,1965,Graduate,Married,44393.0,1,1,2013-08-22,24,1,0,4,60,40.0,24,49,5,2,Yes,1,16.3,1.0,1,-1.3705411695472884,-0.05942930130480094
9855,1952,Postgraduate,Single,62000.0,0,1,2013-08-25,899,6,6,13,1020,88.1,899,62,25,1,Yes,1,16.2,2.0,0,2.9017907669700125,-0.8736422572129918
4088,1962,Postgraduate,Together,31497.0,0,1,2012-06-12,108,3,1,4,155,69.7,108,52,8,1,Yes,1,30.6,2.0,1,-0.06310015994166575,1.0742846927419136
590,1970,Postgraduate,Divorced,78579.0,0,0,2012-12-22,816,5,6,4,1812,45.0,816,44,15,0,No,0,24.3,2.0,0,1.2816233902181275,0.830347562891208
8732,1969,Postgraduate,Widow,67369.0,0,1,2012-11-17,1298,7,4,10,1461,88.8,1257,45,21,1,Yes,1,25.4,2.0,0,3.483560750895146,0.13131553446634453
2315,1960,Graduate,Divorced,58401.0,0,1,2014-04-20,10,1,2,2,96,10.4,10,54,5,1,Yes,1,8.4,1.0,1,-2.1373839052590955,-0.4130839427833289
3515,1952,Graduate,Single,62307.0,0,1,2014-02-17,87,4,0,4,160,54.4,87,62,8,1,Yes,1,10.4,1.0,1,-0.8652062486339958,-1.0124883390491342
2245,1969,Postgraduate,Married,43641.0,1,1,2013-04-22,57,2,1,4,139,41.0,57,45,7,2,Yes,1,20.3,2.0,1,-1.0252845010561111,0.41188409965641304
6283,1968,Postgraduate,Divorced,63841.0,0,1,2013-04-21,635,9,3,9,908,69.9,635,46,21,1,Yes,1,20.3,2.0,0,1.8112394520243682,-0.0538135126227717
6606,1969,Postgraduate,Married,70091.0,1,0,2013-03-31,964,5,2,10,1161,83.0,964,45,17,1,Yes,1,21.0,2.0,0,2.3692030065824343,-0.2939341228396382
5545,1972,Postgraduate,Married,78075.0,0,0,2014-05-04,572,3,5,5,988,57.9,572,42,13,0,No,0,7.9,2.0,0,0.49815548750673894,-1.3623487720165817
837,1977,Graduate,Married,54809.0,1,1,2013-11-09,63,2,1,5,174,36.2,63,37,8,2,Yes,1,13.7,1.0,1,-1.1744336086467424,-0.2645142023030643
9500,1959,Graduate,Married,58113.0,0,1,2013-01-25,221,9,2,8,758,29.2,221,55,19,1,Yes,1,23.2,1.0,0,0.15113291689718078,1.0965189882521327
3602,1958,Postgraduate,Married,51412.0,0,1,2013-12-31,140,3,2,4,195,71.8,140,56,9,1,Yes,1,12.0,2.0,1,-0.3153588446865757,-1.1575472175708288
234,1979,Graduate,Divorced,15287.0,1,0,2012-10-10,1,1,1,2,31,3.2,1,35,4,1,Yes,1,26.7,1.0,1,-1.943312893788562,1.8812861766550344
2995,1957,Postgraduate,Together,66636.0,0,0,2013-08-17,291,3,4,9,1084,26.8,291,57,16,0,No,0,16.5,2.0,1,-0.16978971071180785,0.31519872568636126
1118,1956,Postgraduate,Married,50965.0,0,1,2013-02-20,544,10,4,5,685,79.4,544,58,19,1,Yes,1,22.3,2.0,0,1.6919062528896984,-0.01684808824272596
7789,1965,Postgraduate,Married,84618.0,0,0,2013-11-22,684,6,9,10,1672,40.9,684,49,25,0,No,0,13.3,2.0,0,1.535870054147868,-0.27646627238574445
3068,1990,Graduate,Married,18351.0,0,0,2013-10-29,1,2,0,3,43,2.3,1,24,5,0,No,0,14.1,1.0,1,-2.172207795142236,0.4198326831808914
8955,1957,Postgraduate,Together,40451.0,0,2,2014-02-16,35,1,1,2,49,71.4,35,57,4,2,Yes,1,10.4,2.0,1,-0.9849102158196813,-1.382269241746322
945,1965,Graduate,Together,36317.0,0,1,2013-05-22,87,3,0,4,133,65.4,87,49,7,1,Yes,1,19.3,1.0,1,-0.5343407964069737,-0.18597706250109586
5644,1957,Graduate,Together,42213.0,0,1,2013-12-10,309,5,1,7,363,85.1,309,57,13,1,Yes,1,12.7,1.0,0,0.6133602446362608,-1.3068135450112077
7192,1955,Graduate,Together,65748.0,0,1,2013-04-15,172,2,4,10,545,31.6,172,59,16,1,Yes,1,20.5,1.0,1,-0.2151511810662087,0.7032850436156035
2324,1972,Graduate,Together,77044.0,0,1,2013-10-27,625,7,11,11,1065,58.7,625,42,29,1,Yes,1,14.1,1.0,0,2.11180587885121,-0.484365933870729
697,1969,Graduate,Together,74918.0,0,0,2013-12-03,972,5,9,6,2047,47.5,972,45,20,0,No,0,12.9,1.0,0,1.7828758126445334,-0.526591471715148
3439,1972,Graduate,Married,56721.0,1,1,2012-10-31,157,4,1,5,296,53.0,157,42,10,2,Yes,1,26.0,1.0,1,-0.2206298619017431,0.8740845051542482
1506,1975,Graduate,Single,42160.0,1,1,2013-06-28,48,2,1,4,140,34.3,48,39,7,2,Yes,1,18.1,1.0,1,-1.2197867834521177,0.2836044525366195
232,1965,Graduate,Single,61559.0,0,1,2013-07-17,279,4,2,10,530,52.6,279,49,16,1,Yes,1,17.5,1.0,0,0.3134801310394289,-0.07040541356359578
8876,1963,Postgraduate,Together,33629.0,1,1,2012-08-08,132,3,1,4,152,86.8,132,51,8,2,Yes,1,28.7,2.0,1,0.2584807666871768,0.5133150807226727
4500,1991,Postgraduate,Together,68682.0,0,0,2013-06-10,919,4,9,10,1598,57.5,919,23,23,0,No,0,18.7,2.0,0,2.257620475818813,-0.0016462627761447833
9739,1963,Graduate,Single,34377.0,0,1,2013-01-19,62,2,2,2,114,54.4,62,51,6,1,Yes,1,23.4,1.0,1,-0.7763355040439117,0.5054776121067086
10395,1986,Undergraduate,Single,8940.0,1,0,2012-08-22,1,3,1,3,101,1.0,1,28,7,1,Yes,1,28.3,0.0,1,-1.693590898950748,2.144362012728463
1176,1973,Graduate,Married,26228.0,1,0,2013-09-22,2,1,0,2,25,8.0,2,41,3,1,Yes,1,15.3,1.0,1,-2.2041996203068317,0.4294816781059306
938,1981,Graduate,Married,40211.0,1,1,2013-07-30,51,2,1,2,87,58.6,51,33,5,2,Yes,1,17.0,1.0,1,-0.9539298895265534,-0.3426460796386075
2740,1958,Postgraduate,Widow,33438.0,1,1,2013-09-22,62,2,1,4,90,68.9,62,56,7,2,Yes,1,15.3,2.0,1,-0.6111276117392774,-0.7253348389584922
257,1959,Postgraduate,Married,75032.0,0,1,2013-04-28,952,5,4,9,1215,78.4,952,55,18,1,Yes,1,20.1,2.0,0,2.323227180422367,-0.29909713996066967
4058,1955,Postgraduate,Single,61284.0,0,0,2013-12-10,618,11,2,8,811,76.2,618,59,21,0,No,0,12.7,2.0,0,1.7175676157047088,-1.0740979976474807
7736,1986,Graduate,Married,22518.0,1,0,2012-10-22,11,2,1,2,61,18.0,11,28,5,1,Yes,1,26.3,1.0,1,-1.5720457390380316,1.5540005975524738
8210,1975,Postgraduate,Married,54730.0,0,1,2013-08-15,318,4,1,8,405,78.5,318,39,13,1,Yes,1,16.5,2.0,0,0.5965905444715311,-0.729216496188094
833,1955,Postgraduate,Married,38452.0,1,1,2014-03-30,56,3,0,3,72,77.8,56,59,6,2,Yes,1,9.1,2.0,1,-0.6864174198235664,-1.6421508594831002
6230,1971,Graduate,Divorced,44421.0,1,1,2013-02-15,110,5,0,4,189,58.2,110,43,9,2,Yes,1,22.5,1.0,1,-0.3806461218654927,0.3519636435760365
7325,1986,Postgraduate,Together,38197.0,1,0,2013-06-29,23,1,0,3,40,57.5,23,28,4,1,Yes,1,18.1,2.0,1,-1.0870077827011373,-0.1992471814780935
1307,1978,Graduate,Divorced,41986.0,0,1,2014-09-02,27,3,0,4,63,42.9,27,36,7,1,Yes,1,3.9,1.0,1,-1.4334130011630075,-1.5615102763766175
1502,1983,Graduate,Together,28427.0,1,0,2013-03-21,18,2,0,3,52,34.6,18,31,5,1,Yes,1,21.4,1.0,1,-1.3631691897390052,0.6495130014193365
6211,1976,Postgraduate,Together,37395.0,1,0,2014-02-05,18,1,0,3,39,46.2,18,38,4,1,Yes,1,10.8,2.0,1,-1.4798929212907408,-0.8406819791536159
843,1971,Graduate,Married,64722.0,1,0,2014-05-26,303,8,2,11,805,37.6,303,43,21,1,Yes,1,7.2,1.0,0,0.2587256594385025,-0.94478441408601
4174,1956,Postgraduate,Together,55249.0,0,1,2014-04-17,97,2,1,4,130,74.6,97,58,7,1,Yes,1,8.5,2.0,1,-0.5970013571924807,-1.6433282793573778
9757,1972,Graduate,Together,84906.0,0,0,2013-04-10,997,5,6,12,1631,61.1,997,42,23,0,No,0,20.7,1.0,0,2.522361530458784,0.15831828618493823
6918,1989,Graduate,Married,28691.0,1,0,2013-04-07,5,1,0,3,34,14.7,5,25,4,1,Yes,1,20.8,1.0,1,-1.8591965169156746,0.9585992048048663
286,1952,Graduate,Single,44213.0,1,1,2013-11-29,95,2,1,5,152,62.5,95,62,8,2,Yes,1,13.0,1.0,1,-0.6370173443703036,-0.8642387914834365
11086,1984,Undergraduate,Single,25707.0,1,0,2014-01-18,1,1,0,3,21,4.8,1,30,4,1,Yes,1,11.4,0.0,1,-2.2733639237846077,0.04147133308977364
1921,1967,Postgraduate,Married,59062.0,2,1,2013-03-10,46,2,0,3,71,64.8,46,47,5,3,Yes,1,21.7,2.0,1,-0.7369406010865373,0.09200351144850064
4138,1962,Graduate,Single,76624.0,0,1,2014-05-24,411,5,10,7,899,45.7,411,52,22,1,Yes,1,7.3,1.0,0,0.7052086226789475,-1.089450981822247
7718,1947,Postgraduate,Together,66000.0,0,0,2014-04-20,244,1,3,5,711,34.3,244,67,9,0,No,0,8.4,2.0,1,-0.901493725244061,-0.8574757946261814
1291,1978,Postgraduate,Together,27683.0,1,0,2012-04-08,152,6,2,4,351,43.3,152,36,12,1,Yes,1,32.8,2.0,1,-0.08297552798822262,1.8886251366774052
6862,1971,Graduate,Divorced,1730.0,0,0,2014-05-18,1,0,0,0,8,12.5,1,43,0,0,No,0,7.5,1.0,1,-2.5586833228735286,-0.6113743319400097
4136,1992,Undergraduate,Single,7500.0,1,0,2012-03-12,10,3,2,2,119,8.4,10,22,7,1,Yes,1,33.6,0.0,1,-1.4130472435041308,2.62537820959343
803,1968,Graduate,Together,40521.0,1,1,2013-05-04,12,0,1,2,21,57.1,12,46,3,2,Yes,1,19.9,1.0,1,-1.1577552263176065,0.011888988480263724
4298,1973,Postgraduate,Together,20427.0,1,0,2014-03-24,5,1,0,2,10,50.0,5,41,3,1,Yes,1,9.3,2.0,1,-1.5535347103702692,-1.1016289753035942
10833,1975,Graduate,Married,65106.0,0,1,2014-05-24,790,8,3,13,973,81.2,790,39,24,1,Yes,1,7.3,1.0,0,2.268783027548954,-1.7925653451265122
9606,1965,Postgraduate,Married,69969.0,0,0,2013-08-27,882,4,2,6,1536,57.4,882,49,12,0,No,0,16.1,2.0,0,1.1946911779480585,-0.4175062500047482
8534,1952,Graduate,Married,67433.0,0,2,2013-07-16,615,6,5,13,992,62.0,615,62,24,2,Yes,1,17.5,1.0,0,1.812213664903294,-0.19778010770382365
5153,1967,Postgraduate,Married,77766.0,0,1,2013-02-22,1004,11,10,11,1529,65.7,1004,47,32,1,Yes,1,22.2,2.0,0,3.416986008706316,0.3378255839438755
961,1972,Graduate,Married,74716.0,0,1,2013-12-09,133,7,3,5,860,15.5,133,42,15,1,Yes,1,12.7,1.0,1,-0.8595709289261828,0.08897038771137633
5011,1963,Graduate,Divorced,68118.0,0,1,2013-10-18,595,8,9,4,928,64.1,595,51,21,1,Yes,1,14.4,1.0,0,1.4867862955151316,-0.6346626620326477
6653,1970,Postgraduate,Married,55158.0,1,1,2012-07-30,293,7,2,5,418,70.1,293,44,14,2,Yes,1,29.0,2.0,0,0.7697347913275588,0.9248903553240366
810,1975,Graduate,Married,74190.0,0,1,2014-12-05,151,4,2,11,641,23.6,151,39,17,1,Yes,1,0.9,1.0,1,-0.7820986423041373,-1.4450742644982373
5493,1976,Graduate,Married,39356.0,1,1,2014-03-19,15,1,0,2,23,65.2,15,38,3,2,Yes,1,9.4,1.0,1,-1.2474333188269868,-1.3879417837200627
2147,1969,Graduate,Together,76653.0,0,0,2013-08-16,736,4,7,11,2279,32.3,736,45,22,0,No,0,16.5,1.0,0,1.2971627782371007,0.23510853288991565
5107,1973,Postgraduate,Divorced,35860.0,1,1,2014-05-19,15,1,1,2,49,30.6,15,41,4,2,Yes,1,7.4,2.0,1,-1.8576377878532602,-0.9371551804433367
3979,1983,Postgraduate,Divorced,90687.0,0,0,2013-05-22,982,6,2,8,1779,55.2,982,31,16,0,No,0,19.3,2.0,0,1.759176782707147,0.03728782733092146
6049,1982,Postgraduate,Together,73450.0,0,0,2013-05-12,1142,7,8,11,1804,63.3,1142,32,26,0,No,0,19.6,2.0,0,3.0703193101086788,0.00498519298174568
8147,1960,Graduate,Married,31454.0,1,1,2013-06-07,28,2,0,3,48,58.3,28,54,5,2,Yes,1,18.8,1.0,1,-0.9615131876938086,-0.12223725325254076
1857,1952,Graduate,Single,47139.0,1,1,2014-06-03,46,2,1,2,83,55.4,46,62,5,2,Yes,1,6.9,1.0,1,-1.2610996082755361,-1.4735133564622218
3910,1975,Graduate,Divorced,83829.0,0,0,2013-08-10,897,4,7,6,1862,48.2,897,39,17,0,No,0,16.7,1.0,0,1.487612490816929,-0.11624019128046474
5207,1963,Postgraduate,Married,53378.0,1,1,2012-09-24,489,9,4,6,793,61.7,489,51,19,2,Yes,1,27.2,2.0,0,1.3699462854439948,0.912860421966079
11114,1970,Graduate,Together,19656.0,1,0,2013-08-02,25,2,1,3,84,29.8,25,44,6,1,Yes,1,17.0,1.0,1,-1.4586271446571437,0.23308529274063658
5429,1948,Postgraduate,Married,45579.0,0,1,2013-08-20,145,4,1,4,183,79.2,145,66,9,1,Yes,1,16.4,2.0,1,-0.06369944567097185,-0.7826057311809227
1740,1944,Graduate,Married,55956.0,0,0,2014-07-04,760,7,3,4,999,76.1,760,70,14,0,No,0,5.9,1.0,0,1.2384159264627188,-1.9590007734344022
7488,1963,Postgraduate,Single,64191.0,0,1,2013-01-22,420,5,3,13,825,50.9,420,51,21,1,Yes,1,23.3,2.0,0,1.1119231482413912,0.6890782642974279
195,1972,Graduate,Single,38808.0,1,0,2012-08-26,125,5,1,4,246,50.8,125,42,10,1,Yes,1,28.2,1.0,1,-0.2717043322557477,1.1796389813741384
635,1966,Postgraduate,Married,57183.0,1,1,2013-03-19,464,9,1,7,610,76.1,464,48,17,2,Yes,1,21.4,2.0,0,1.2859747374608046,-0.07311087860432046
7527,1968,Postgraduate,Divorced,23748.0,1,0,2012-11-21,6,2,1,3,76,7.9,6,46,6,1,Yes,1,25.3,2.0,1,-1.7098217356666932,1.6440755710081083
10319,1971,Graduate,Married,66303.0,0,1,2013-02-26,1090,3,4,11,1286,84.8,1090,43,18,1,Yes,1,22.1,1.0,0,2.7559923616658133,-0.19853642635935265
2296,1975,Postgraduate,Married,37368.0,1,0,2013-12-16,3,1,0,2,30,10.0,3,39,3,1,Yes,1,12.5,2.0,1,-2.2307228875461345,0.05930817704451827
10637,1964,Graduate,Married,40800.0,1,2,2013-01-01,24,3,0,3,99,24.2,24,50,6,3,Yes,1,23.9,1.0,1,-1.4030107995346965,1.158321005772998
2931,1978,Graduate,Divorced,71847.0,0,0,2012-09-21,737,6,7,9,1192,61.8,737,36,22,0,No,0,27.3,1.0,0,2.105317461669485,0.9345120914672825
907,1975,Graduate,Married,46149.0,0,1,2013-11-29,254,5,1,7,362,70.2,254,39,13,1,Yes,1,13.0,1.0,0,0.23557007035473948,-0.9756183630390226
3698,1983,Graduate,Together,78687.0,0,0,2012-09-08,817,4,6,8,2130,38.4,817,31,18,0,No,0,27.7,1.0,0,1.4932758515910787,1.3921910815466174
679,1957,Postgraduate,Married,37633.0,1,1,2012-09-20,13,1,0,3,38,34.2,13,57,4,2,Yes,1,27.3,2.0,1,-1.325885062099823,1.3448208664930874
7384,1951,Postgraduate,Together,39767.0,0,0,2013-07-21,113,7,1,7,485,23.3,113,63,15,0,No,0,17.3,2.0,1,-0.6438945080022954,0.48165501319066356
5043,1951,Undergraduate,Married,26997.0,0,0,2012-05-11,7,4,2,5,434,1.6,7,63,11,0,No,0,31.7,0.0,1,-1.2531338571537778,2.575267932210004
5267,1970,Graduate,Divorced,33986.0,1,0,2013-03-14,16,1,0,3,44,36.4,16,44,4,1,Yes,1,21.6,1.0,1,-1.413045745600625,0.6277903316720843
339,1972,Postgraduate,Married,57091.0,0,1,2012-11-23,462,9,2,5,496,93.1,462,42,16,1,Yes,1,25.2,2.0,0,1.605281594974934,0.03333700125016218
9010,1972,Postgraduate,Married,83151.0,0,0,2013-10-02,968,5,7,10,2346,41.3,968,42,22,0,No,0,14.9,2.0,0,1.8750220922270788,-0.14797628420826192
378,1971,Graduate,Married,52531.0,0,0,2012-12-30,283,7,2,10,794,35.6,283,43,19,0,No,0,24.0,1.0,0,0.4092108503459752,1.0610958782834803
4808,1956,Graduate,Married,15759.0,0,0,2013-05-09,1,1,0,2,17,5.9,1,58,3,0,No,0,19.7,1.0,1,-2.141901267736548,0.9907371110458271
5068,1971,Graduate,Single,22804.0,1,0,2013-07-31,14,2,0,2,26,53.8,14,43,4,1,Yes,1,17.0,1.0,1,-1.1994809295690105,-0.25619285634241123
7128,1977,Postgraduate,Single,42997.0,1,1,2013-07-12,4,1,0,2,15,26.7,4,37,3,2,Yes,1,17.6,2.0,1,-1.796245202192522,0.33536192905349554
2811,1963,Postgraduate,Single,48918.0,1,1,2014-12-04,52,1,0,4,62,83.9,52,51,5,2,Yes,1,0.9,2.0,1,-0.8573154621635746,-2.7407508828207385
3551,1954,Postgraduate,Together,60033.0,0,1,2014-03-29,62,2,1,5,198,31.3,62,60,8,1,Yes,1,9.1,2.0,1,-1.3763016084712503,-0.7123130629003999
1663,1978,Postgraduate,Together,34043.0,1,0,2013-10-25,20,2,0,2,49,40.8,20,36,4,1,Yes,1,14.2,2.0,1,-1.4971044843047783,-0.3333025110829207
5543,1966,Graduate,Together,57811.0,0,1,2013-06-24,545,7,2,11,802,68.0,545,48,20,1,Yes,1,18.2,1.0,0,1.4684214913446587,-0.2682343500799198
1577,1946,Graduate,Married,78569.0,0,0,2014-02-19,558,4,6,4,1736,32.1,558,68,14,0,No,0,10.3,1.0,0,0.1291993149235843,-0.5625441981981036
10641,1978,Graduate,Single,7500.0,1,1,2012-12-27,6,2,1,3,57,10.5,6,36,6,2,Yes,1,24.1,1.0,1,-1.6893959400871572,1.451366806848661
5336,1971,Postgraduate,Together,118183.75,1,0,2013-04-06,39,1,0,1,59,66.1,39,43,2,1,Yes,1,20.8,2.0,1,-1.0005253267491432,-0.07018313796227402
6024,1953,Graduate,Together,94384.0,0,0,2013-04-03,1111,5,8,5,2302,48.3,1111,61,18,0,No,0,20.9,1.0,0,2.0851018681398963,0.37206025730069076
3099,1970,Graduate,Divorced,44267.0,1,1,2013-02-25,183,5,2,4,310,59.0,183,44,11,2,Yes,1,22.1,1.0,1,-0.06558075393369465,0.3040098864679243
6055,1979,Graduate,Married,71626.0,0,0,2012-01-11,546,5,5,8,1305,41.8,546,35,18,0,No,0,35.6,1.0,0,1.2205716241331093,2.2803804228583058
5841,1966,Graduate,Together,60894.0,0,1,2013-06-28,606,10,3,8,832,72.8,606,48,21,1,Yes,1,18.1,1.0,0,1.7578676967549374,-0.3683585693313501
3972,1976,Graduate,Together,50200.0,1,1,2013-03-04,266,7,1,5,401,66.3,266,38,13,2,Yes,1,21.9,1.0,0,0.395112444853086,0.1517643216698139
4394,1965,Postgraduate,Married,81051.0,0,0,2014-05-23,1142,5,5,12,1501,76.1,1142,49,22,0,No,0,7.3,2.0,0,2.6828049808809395,-1.740542680656189
5758,1982,Graduate,Married,65169.0,0,0,2014-01-14,1074,10,4,13,1189,90.3,1074,32,27,0,No,0,11.5,1.0,0,3.3384370592391863,-1.4651249262707648
6658,1972,Graduate,Together,59868.0,0,1,2013-07-22,771,11,2,12,1194,64.6,771,42,25,1,Yes,1,17.3,1.0,0,2.2411977647144705,-0.2740109050836164
4603,1960,Postgraduate,Married,65695.0,0,1,2014-01-31,371,5,4,10,656,56.6,371,54,19,1,Yes,1,11.0,2.0,0,0.6659375104634708,-0.8931645003180911
8427,1956,Postgraduate,Single,64857.0,0,0,2012-11-23,556,7,5,10,1540,36.1,556,58,22,0,No,0,25.2,2.0,0,1.226125460629421,1.2030183262417884
10260,1965,Postgraduate,Together,45143.0,0,1,2013-08-26,202,6,1,5,311,65.0,202,49,12,1,Yes,1,16.2,2.0,1,0.028921012804122945,-0.50193196373019
6197,1962,Postgraduate,Single,27238.0,1,1,2013-04-20,37,3,0,3,57,64.9,37,52,6,2,Yes,1,20.4,2.0,1,-0.6985833518788023,-0.052619714929506275
4554,1965,Graduate,Together,47009.0,0,1,2013-01-10,171,3,2,8,448,38.2,171,49,13,1,Yes,1,23.7,1.0,1,-0.2715111945772464,0.9215846355269164
1920,1972,Graduate,Married,40321.0,1,1,2013-07-29,44,3,0,3,102,43.1,44,42,6,2,Yes,1,17.1,1.0,1,-1.1707425278740053,-0.01675125082876484
8749,1984,Graduate,Together,37235.0,1,0,2014-01-02,20,1,1,2,61,32.8,20,30,4,1,Yes,1,11.9,1.0,1,-1.7009470451607283,-0.44866421941687823
1650,1960,Postgraduate,Married,81843.0,0,0,2013-04-22,779,5,9,12,1643,47.4,779,54,26,0,No,0,20.3,2.0,0,2.0897080697344768,0.4267750231337538
10377,1958,Postgraduate,Together,46692.0,0,1,2013-06-06,170,6,1,5,397,42.8,170,56,12,1,Yes,1,18.8,2.0,1,-0.3870555332729738,0.2421697765010705
9206,1968,Graduate,Together,77382.0,0,1,2014-07-01,491,5,7,12,1121,43.8,491,46,24,1,Yes,1,6.0,1.0,0,0.9620544166207687,-1.191506770506443
10971,1977,Graduate,Single,37774.0,2,0,2012-03-09,173,7,2,3,473,36.6,173,37,12,2,Yes,1,33.7,1.0,1,-0.1467273166510171,2.1244630372768545
6398,1974,Undergraduate,Married,18393.0,1,0,2014-03-29,7,3,0,3,50,14.0,7,40,6,1,Yes,1,9.1,0.0,1,-1.97490141384109,-0.3902343534980001
9212,1962,Postgraduate,Married,72828.0,0,1,2013-02-14,1205,6,3,13,1678,71.8,1205,52,22,1,Yes,1,22.5,2.0,0,3.081371953471114,0.1354147590918271
7937,1982,Graduate,Married,24711.0,0,0,2014-04-18,10,3,0,3,58,17.2,10,32,6,0,No,0,8.4,1.0,1,-1.9257006165456148,-0.5358106734824586
839,1975,Postgraduate,Married,45503.0,1,0,2013-09-25,97,3,1,4,170,57.1,97,39,8,1,Yes,1,15.2,2.0,1,-0.6824638979046889,-0.4987035253339636
4246,1982,Postgraduate,Single,6560.0,0,0,2013-12-12,67,1,0,1,373,18.0,67,32,2,0,No,0,12.6,2.0,1,-2.0397328767007665,-0.1006165364444492
158,1945,Postgraduate,Together,71604.0,0,0,2013-11-17,345,8,3,5,1196,28.8,345,69,16,0,No,0,13.4,2.0,1,-0.10124054616622237,-0.09452266865294084
4832,1979,Graduate,Married,27244.0,1,0,2014-07-03,6,2,2,2,101,5.9,6,35,6,1,Yes,1,5.9,1.0,1,-2.2037187896686383,-0.6099457737145557
5621,1969,Graduate,Married,48752.0,1,1,2012-12-12,73,6,1,5,316,23.1,73,45,12,2,Yes,1,24.6,1.0,1,-0.8062047739293089,1.3206266546293703
1945,1962,Graduate,Married,71434.0,0,1,2013-09-18,711,7,4,7,1400,50.8,711,52,18,1,Yes,1,15.4,1.0,0,1.2316793582500847,-0.29612313784073896
5147,1948,Graduate,Single,90842.0,0,0,2013-07-29,774,4,9,13,1424,54.4,774,66,26,0,No,0,17.1,1.0,0,2.135789553484731,-0.08803368296202321
2535,1978,Postgraduate,Married,88097.0,1,0,2012-08-18,163,6,5,8,844,19.3,163,36,19,1,Yes,1,28.4,2.0,1,-0.023566954774349266,1.9093261929509593
11039,1975,Graduate,Married,51948.0,0,1,2013-09-17,82,5,2,4,311,26.4,82,39,11,1,Yes,1,15.4,1.0,1,-1.0279848545210093,0.1575979174236185
9495,1982,Graduate,Together,71853.0,0,0,2013-08-05,358,2,8,6,1149,31.2,358,32,16,0,No,0,16.9,1.0,0,0.05108020223315733,0.2712352502070784
9635,1983,Postgraduate,Married,35876.0,0,0,2014-04-20,66,3,1,3,129,51.2,66,31,7,0,No,0,8.4,2.0,1,-1.0970384529089643,-1.1949771518880739
2173,1952,Graduate,Widow,40049.0,0,1,2013-10-16,13,1,0,3,32,40.6,13,62,4,1,Yes,1,14.5,1.0,1,-1.5072778977633075,-0.2933890302786585
942,1982,Graduate,Single,39660.0,1,0,2012-08-08,139,7,1,3,299,46.5,139,32,11,1,Yes,1,28.7,1.0,1,-0.2290225420387344,1.332087012265908
9386,1962,Graduate,Together,50127.0,0,1,2014-05-29,274,5,1,6,320,85.6,274,52,12,1,Yes,1,7.1,1.0,0,0.3390930631651404,-1.9861396049569482
5510,1977,Postgraduate,Married,43263.0,0,1,2012-11-21,262,5,2,6,441,59.4,262,37,13,1,Yes,1,25.3,2.0,0,0.3382653310856788,0.688951390942115
873,1949,Postgraduate,Married,62845.0,1,1,2012-01-10,1099,3,4,10,1178,93.3,1099,65,17,2,Yes,1,35.7,2.0,0,3.1679986731604908,1.2317455484616686
2253,1990,Graduate,Married,18929.0,0,0,2013-02-16,32,1,0,4,85,37.6,32,24,5,0,No,0,22.4,1.0,1,-1.2565149226949324,0.7079470801342168
5181,1982,Undergraduate,Single,24367.0,1,0,2013-03-20,2,1,0,2,24,8.3,2,32,3,1,Yes,1,21.4,0.0,1,-2.0550570457399484,1.1446540499215792
979,1975,Graduate,Single,33249.0,1,0,2013-02-20,6,2,1,3,112,5.4,6,39,6,1,Yes,1,22.3,1.0,1,-1.8271984293712973,1.3383732991264228
4698,1983,Postgraduate,Married,50150.0,0,0,2013-06-20,135,5,2,7,410,32.9,135,31,14,0,No,0,18.4,2.0,1,-0.4803643814294857,0.4118711623745194
7793,1976,Graduate,Together,62061.0,0,1,2013-08-31,641,10,4,7,800,80.1,641,38,21,1,Yes,1,16.0,1.0,0,1.91252609664482,-0.7620968212751255
1745,1962,Postgraduate,Divorced,85696.0,0,0,2013-03-05,714,4,6,9,1313,54.4,714,52,19,0,No,0,21.9,2.0,0,1.5421929908275678,0.4118440992817142
10590,1956,Postgraduate,Together,76542.0,0,0,2013-03-30,794,4,8,10,1483,53.5,794,58,22,0,No,0,21.1,2.0,0,1.9139356684896847,0.3596304310764771
5080,1993,Graduate,Single,70515.0,0,0,2013-10-21,420,6,6,4,1258,33.4,420,21,16,0,No,0,14.3,1.0,0,0.15055311063602558,-0.08391393389713465
8369,1987,Graduate,Together,18227.0,1,0,2012-08-11,1,0,1,2,28,3.6,1,27,3,1,Yes,1,28.6,1.0,1,-1.9755378347220698,2.0877438495825533
5232,1965,Graduate,Married,69139.0,0,1,2014-01-27,86,4,1,5,227,37.9,86,49,10,1,Yes,1,11.1,1.0,1,-0.990638440996315,-0.586267114711918
2407,1982,Graduate,Married,69109.0,0,0,2012-09-11,823,6,6,7,1555,52.9,823,32,19,0,No,0,27.6,1.0,0,1.8582790343424949,1.106543981840782
3834,1962,Graduate,Single,69627.0,0,1,2013-03-17,231,8,2,11,861,26.8,231,52,21,1,Yes,1,21.5,1.0,0,0.25431896688829814,0.9623611624142733
7912,1978,Graduate,Married,38136.0,1,0,2013-04-22,8,3,1,2,103,7.8,8,36,6,1,Yes,1,20.3,1.0,1,-1.8254850914272491,1.0548601718369426
7712,1946,Postgraduate,Single,62159.0,0,0,2014-04-28,182,6,2,10,634,28.7,182,68,18,0,No,0,8.1,2.0,1,-0.3730849733622739,-0.6858686027688808
1065,1963,Graduate,Single,80695.0,0,0,2013-12-29,557,5,8,5,1918,29.0,557,51,18,0,No,0,12.1,1.0,0,0.44927263723957983,-0.2478399248643172
7275,1971,Postgraduate,Single,33316.0,1,1,2013-04-10,79,2,1,4,131,60.3,79,43,7,2,Yes,1,20.7,2.0,1,-0.6122660047183587,0.07989751683163651
1343,1968,Graduate,Together,58554.0,1,1,2012-09-26,368,8,2,6,586,62.8,368,46,16,2,Yes,1,27.1,1.0,0,0.901763363491199,0.8579397999967088
1384,1992,Undergraduate,Married,17256.0,1,0,2013-11-23,6,2,1,2,62,9.7,6,22,5,1,Yes,1,13.2,0.0,1,-2.0452529375915023,0.1682956110853991
9967,1974,Graduate,Divorced,53034.0,1,1,2013-05-30,160,6,1,7,447,35.8,160,40,14,2,Yes,1,19.1,1.0,1,-0.3614433934745788,0.4359523072698467
2674,1958,Postgraduate,Single,75154.0,0,1,2012-04-09,543,6,3,6,1143,47.5,543,56,15,1,Yes,1,32.7,2.0,0,0.9999856171079157,1.7953998393380266
2698,1976,Graduate,Single,47025.0,0,1,2013-07-11,254,6,3,5,415,61.2,254,38,14,1,Yes,1,17.7,1.0,0,0.26213255128131496,-0.23368860415030476
3231,1973,Graduate,Married,37971.0,1,0,2013-11-25,5,1,0,3,30,16.7,5,41,4,1,Yes,1,13.2,1.0,1,-2.0005867496215575,0.02112600630002853
4096,1968,Postgraduate,Divorced,41335.0,1,0,2013-12-26,112,4,1,4,187,59.9,112,46,9,1,Yes,1,12.2,2.0,1,-0.5873257825602299,-0.8989442417839143
10476,1958,Graduate,Married,67267.0,0,1,2014-05-13,134,3,2,5,251,53.4,134,56,10,1,Yes,1,7.6,1.0,1,-0.6904011862884759,-1.3069117060182442
5948,1975,Graduate,Single,57338.0,0,1,2014-04-29,143,4,1,5,237,60.3,143,39,10,1,Yes,1,8.1,1.0,1,-0.5321553364039968,-1.3834906702538918
10258,1965,Postgraduate,Single,35791.0,2,1,2013-06-05,27,1,0,3,35,77.1,27,49,4,3,Yes,1,18.9,2.0,1,-0.693648977701542,-0.4884333672666777
5675,1960,Postgraduate,Divorced,50611.0,0,1,2012-04-10,459,4,5,7,493,93.1,459,54,16,1,Yes,1,32.7,2.0,0,1.7759692755715437,0.9200945939821935
4743,1969,Postgraduate,Married,56242.0,0,1,2013-03-03,689,8,4,11,971,71.0,689,45,23,1,Yes,1,21.9,2.0,0,2.1423647792599514,0.13023584010840178
8805,1960,Graduate,Single,48904.0,0,1,2012-02-12,283,7,2,4,371,76.3,283,54,13,1,Yes,1,34.6,1.0,0,0.9138486883565717,1.4560049862123832
1542,1975,Graduate,Single,56243.0,1,2,2013-12-30,347,4,2,8,396,87.6,347,39,14,3,Yes,1,12.0,1.0,0,0.8013217969156008,-1.4310907553819199
6770,1985,Graduate,Married,21355.0,1,0,2013-08-20,5,2,1,2,68,7.4,5,29,5,1,Yes,1,16.4,1.0,1,-2.014932712933865,0.5916195007377832
8773,1971,Postgraduate,Together,57420.0,0,1,2013-06-25,280,5,1,6,322,87.0,280,43,12,1,Yes,1,18.2,2.0,0,0.6380307075355791,-0.7019320090703927
10420,1955,Postgraduate,Divorced,46390.0,0,1,2014-05-05,95,4,2,3,222,42.8,95,59,9,1,Yes,1,7.9,2.0,1,-1.041298469847886,-1.0713761113812355
793,1973,Graduate,Married,20895.0,1,0,2012-06-10,18,2,0,3,45,40.0,18,41,5,1,Yes,1,30.7,1.0,1,-1.0432833036142428,1.6431637831986494
10909,1948,Graduate,Married,92344.0,0,0,2014-01-15,992,5,10,5,1899,52.2,992,66,20,0,No,0,11.5,1.0,0,1.8764387867935788,-0.7855660566780275
4791,1980,Graduate,Together,44964.0,1,1,2012-12-16,19,1,0,3,41,46.3,19,34,4,2,Yes,1,24.5,1.0,1,-1.1537448741020981,0.7766725532220199
2963,1979,Graduate,Together,75507.0,0,0,2014-02-05,709,8,6,6,1440,49.2,709,35,20,0,No,0,10.8,1.0,0,1.2584793567639643,-0.7877964299588246
8216,1972,Postgraduate,Married,53761.0,1,1,2013-11-10,158,4,4,3,325,48.6,158,42,11,2,Yes,1,13.7,2.0,1,-0.5060439166053703,-0.4835135219911349
8140,1973,Graduate,Together,22682.0,1,0,2013-03-10,10,2,1,4,95,10.5,10,41,7,1,Yes,1,21.7,1.0,1,-1.6537412902117772,1.1776736248873583
10146,1972,Postgraduate,Together,38887.0,1,0,2014-02-03,25,1,0,3,42,59.5,25,42,4,1,Yes,1,10.9,2.0,1,-1.2151323451298608,-1.0895931998254513
2587,1972,Postgraduate,Married,29791.0,1,0,2014-05-15,14,2,0,3,20,70.0,14,42,5,1,Yes,1,7.6,2.0,1,-1.0330442758268805,-1.6739274578754681
4405,1956,Postgraduate,Married,63915.0,0,2,2013-07-30,622,6,3,12,789,78.8,622,58,21,2,Yes,1,17.0,2.0,0,1.8751117980432588,-0.6169959439671812
8663,1974,Graduate,Divorced,39996.0,1,1,2014-05-22,11,1,0,2,15,73.3,11,40,3,2,Yes,1,7.3,1.0,1,-1.152955501390249,-1.794323370781586
2589,1972,Graduate,Divorced,26759.0,1,0,2014-07-02,25,2,1,3,59,42.4,25,42,6,1,Yes,1,6.0,1.0,1,-1.481630235378845,-1.3136507187942743
3421,1968,Postgraduate,Divorced,63841.0,0,1,2013-04-21,635,9,3,9,908,69.9,635,46,21,1,Yes,1,20.3,2.0,0,1.8112394520243682,-0.0538135126227717
10490,1969,Postgraduate,Married,51039.0,1,1,2012-10-12,100,6,2,4,417,24.0,100,45,12,2,Yes,1,26.6,2.0,1,-0.6902732467299696,1.5373447174601902
4094,1961,Graduate,Married,60544.0,1,1,2012-08-25,201,5,1,5,289,69.6,201,53,11,2,Yes,1,28.2,1.0,0,0.3110194572699619,0.816292354301178
9958,1972,Graduate,Married,65685.0,0,1,2014-03-29,642,9,2,9,769,83.5,642,42,20,1,Yes,1,9.1,1.0,0,1.7313186228317634,-1.654596952183679
2534,1953,Graduate,Married,37716.0,0,1,2014-04-21,97,4,1,3,188,51.6,97,61,8,1,Yes,1,8.3,1.0,1,-0.9477513716849049,-1.2067095739539768
4188,1957,Graduate,Single,36864.0,0,1,2012-08-13,204,5,2,4,354,57.6,204,57,11,1,Yes,1,28.6,1.0,1,0.10162388739438434,1.0981019422397713
6613,1970,Postgraduate,Married,44511.0,1,0,2012-12-10,513,8,4,8,727,70.6,513,44,20,1,Yes,1,24.7,2.0,0,1.6083577011037378,0.4516913758153194
10827,1967,Postgraduate,Married,36947.0,1,1,2012-07-08,88,3,0,4,146,60.3,88,47,7,2,Yes,1,29.8,2.0,1,-0.3808076294723596,1.154855389227731
5491,1951,Postgraduate,Together,47352.0,0,1,2013-11-04,172,6,1,5,319,53.9,172,63,12,1,Yes,1,13.9,2.0,1,-0.2907502791881041,-0.5543341559977326
8402,1953,Postgraduate,Married,67087.0,0,1,2013-12-17,329,7,5,8,794,41.4,329,61,20,1,Yes,1,12.5,2.0,0,0.420235281996619,-0.4049548987661522
8783,1950,Graduate,Married,57045.0,0,1,2012-08-09,296,4,2,9,454,65.2,296,64,15,1,Yes,1,28.7,1.0,0,0.7611668051170403,0.9953617734922228
10010,1953,Postgraduate,Divorced,36957.0,1,1,2012-06-09,100,3,2,2,152,65.8,100,61,7,2,Yes,1,30.7,2.0,1,-0.23357106767162464,1.1527151053440665
618,1977,Postgraduate,Married,69389.0,0,1,2012-09-28,422,7,2,12,797,52.9,422,37,21,1,Yes,1,27.1,2.0,0,1.2426193322491903,1.0989707635612747
9121,1972,Graduate,Married,80134.0,1,0,2013-05-20,1218,5,3,6,1690,72.1,1218,42,14,1,Yes,1,19.4,1.0,0,2.3637643723868584,-0.32031681973690557
361,1969,Postgraduate,Married,43142.0,1,1,2014-02-18,5,1,0,2,20,25.0,5,45,3,2,Yes,1,10.4,2.0,1,-1.9955448097639608,-0.4825227943287703
4310,1944,Graduate,Married,80589.0,0,0,2014-01-22,507,5,10,5,1428,35.5,507,70,20,0,No,0,11.3,1.0,0,0.6245843409669596,-0.44510129397350684
2678,1990,Graduate,Single,34412.0,1,0,2013-02-13,52,5,0,3,209,24.9,52,24,8,1,Yes,1,22.5,1.0,1,-1.200061311399474,0.9975900372465957
6376,1979,Graduate,Single,57537.0,1,0,2013-10-06,191,4,3,8,545,35.0,191,35,15,1,Yes,1,14.8,1.0,1,-0.3334376034255296,-0.04875886971807682
524,1966,Undergraduate,Together,22634.0,0,0,2013-01-16,2,2,1,2,96,2.1,2,48,5,0,No,0,23.5,0.0,1,-1.9528498367399547,1.5347811466227117
10341,1948,Graduate,Together,51315.0,0,0,2014-02-23,68,2,2,5,222,30.6,68,66,9,0,No,0,10.2,1.0,1,-1.267541877014191,-0.5587539045230815
5654,1972,Graduate,Married,36026.0,2,1,2014-03-16,20,2,0,3,61,32.8,20,42,5,3,Yes,1,9.5,1.0,1,-1.673000408826101,-0.7220489604123252
4098,1973,Graduate,Married,24639.0,1,1,2014-01-28,20,2,0,4,44,45.5,20,41,6,2,Yes,1,11.1,1.0,1,-1.3132479130126768,-0.7710735182442594
5824,1972,Postgraduate,Together,34578.0,2,1,2014-11-04,7,1,0,2,8,87.5,7,42,3,3,Yes,1,1.9,2.0,1,-1.0219582174193562,-2.710112601454614
2561,1966,Graduate,Single,63810.0,0,1,2012-11-11,977,4,3,12,1371,71.3,977,48,19,1,Yes,1,25.6,1.0,0,2.4523478782190513,0.49829740715202553
5229,1969,Postgraduate,Together,54132.0,0,1,2014-02-16,30,1,0,3,42,71.4,30,45,4,1,Yes,1,10.4,2.0,1,-0.9945452327456223,-1.3818836905390028
4086,1959,Graduate,Married,18690.0,0,0,2012-12-28,6,1,1,2,60,10.0,6,55,4,0,No,0,24.1,1.0,1,-1.8675870183185503,1.44054112773894
2428,1970,Graduate,Married,28164.0,1,0,2013-04-05,3,2,0,4,78,3.8,3,44,6,1,Yes,1,20.9,1.0,1,-1.8958653609389913,1.2044209966790653
8254,1974,Postgraduate,Married,34596.0,1,0,2013-04-13,14,1,0,2,23,60.9,14,40,3,1,Yes,1,20.6,2.0,1,-1.0663111979566842,0.02013670507756648
2836,1972,Postgraduate,Married,43269.0,1,0,2013-09-16,10,1,0,2,19,52.6,10,42,3,1,Yes,1,15.5,2.0,1,-1.3493581229893137,-0.42001737882282353
1362,1972,Graduate,Single,31907.0,0,0,2013-04-03,33,6,1,6,449,7.3,33,42,13,0,No,0,20.9,1.0,1,-1.1816340333908548,1.205761803274214
7152,1983,Postgraduate,Married,27100.0,1,0,2013-05-04,12,1,0,3,37,32.4,12,31,4,1,Yes,1,19.9,2.0,1,-1.5356160768911788,0.5054059925904003
9349,1985,Graduate,Married,92533.0,0,0,2013-12-19,693,6,5,11,1131,61.3,693,29,22,0,No,0,12.4,1.0,0,1.6605870036128039,-0.8135455851792105
274,1973,Graduate,Single,34853.0,1,1,2013-12-23,9,2,0,3,34,26.5,9,41,5,2,Yes,1,12.3,1.0,1,-1.7462246293731034,-0.2669821963115176
3388,1967,Graduate,Divorced,70844.0,1,1,2013-10-30,129,6,1,5,294,43.9,129,47,12,2,Yes,1,14.0,1.0,1,-0.558415378489439,-0.34356513376920367
8588,1961,Graduate,Married,60544.0,1,1,2012-08-25,201,5,1,5,289,69.6,201,53,11,2,Yes,1,28.2,1.0,0,0.3110194572699619,0.816292354301178
574,1964,Graduate,Married,42523.0,0,0,2014-04-23,14,1,1,4,125,11.2,14,50,6,0,No,0,8.3,1.0,1,-2.0326396406505203,-0.43055970559712725
3220,1983,Graduate,Married,39922.0,1,0,2013-02-14,29,3,0,4,156,18.6,29,31,7,1,Yes,1,22.5,1.0,1,-1.4467078344915367,1.11230865691512
5967,1952,Graduate,Together,33402.0,1,1,2013-07-18,26,2,1,3,70,37.1,26,62,6,2,Yes,1,17.4,1.0,1,-1.3106639629462686,0.13747754300917864
1183,1949,Postgraduate,Married,36408.0,1,1,2013-09-21,9,1,0,2,22,40.9,9,65,3,2,Yes,1,15.3,2.0,1,-1.57496449557737,-0.21469043882955005
6856,1979,Graduate,Together,21645.0,1,0,2012-03-09,14,3,0,3,65,21.5,14,35,6,1,Yes,1,33.7,1.0,1,-1.242227432266437,2.370307315432699
4530,1948,Postgraduate,Widow,78427.0,0,0,2012-10-24,972,3,7,10,1930,50.4,972,66,20,0,No,0,26.2,2.0,0,2.150089116433388,0.9887815493896094
1553,1946,Graduate,Together,82657.0,0,0,2013-09-27,966,7,5,10,2283,42.3,966,68,22,0,No,0,15.1,1.0,0,1.8945896041715873,-0.14374465657367871
4682,1958,Graduate,Married,51876.0,0,0,2013-10-15,99,2,2,8,310,31.9,99,56,12,0,No,0,14.5,1.0,1,-0.829049144199532,-0.047390557702201
5221,1957,Graduate,Married,52852.0,0,1,2012-01-12,714,10,7,5,879,81.2,714,57,22,1,Yes,1,35.6,1.0,0,2.619372728628875,1.5378468028395715
1232,1982,Postgraduate,Together,70038.0,0,0,2013-10-25,587,4,4,8,1244,47.2,587,32,16,0,No,0,14.2,2.0,0,0.7282862401543748,-0.3785851401076651
5788,1972,Graduate,Together,46053.0,1,0,2013-02-17,56,3,2,4,209,26.8,56,42,9,1,Yes,1,22.4,1.0,1,-1.0747297911332554,0.9585946519473943
6652,1965,Graduate,Married,77343.0,0,0,2014-09-06,227,3,4,9,1134,20.0,227,49,16,0,No,0,3.8,1.0,1,-0.7192049150423596,-1.0480202956467604
6246,1953,Graduate,Single,73892.0,0,0,2013-11-13,703,3,11,8,1507,46.6,703,61,22,0,No,0,13.6,1.0,0,1.432971429651076,-0.3848920760949694
5975,1967,Postgraduate,Single,40304.0,1,0,2013-09-30,37,2,0,3,57,64.9,37,47,5,1,Yes,1,15.0,2.0,1,-0.9100574265956909,-0.7012222864220039
6875,1965,Postgraduate,Together,32727.0,0,0,2012-08-28,167,7,3,5,529,31.6,167,49,15,0,No,0,28.1,2.0,1,-0.13038120873860276,1.5917135441436665
4399,1969,Graduate,Together,68695.0,0,0,2014-06-25,458,4,4,7,1091,42.0,458,45,15,0,No,0,6.2,1.0,0,0.10973134375435237,-1.2228404701375233
4042,1971,Graduate,Divorced,43300.0,0,1,2012-10-13,91,4,0,4,180,50.6,91,43,8,1,Yes,1,26.6,1.0,1,-0.5474454735222223,0.9764404599619946
2157,1972,Graduate,Together,26290.0,1,1,2013-12-01,15,2,0,4,77,19.5,15,42,6,2,Yes,1,13.0,1.0,1,-1.764785389280238,-0.037455691612753285
10133,1970,Graduate,Single,93790.0,0,0,2014-12-02,1302,6,7,12,2349,55.4,1257,44,25,0,No,0,1.0,1.0,0,2.622011801968806,-2.0582212613810107
2525,1974,Postgraduate,Married,38410.0,0,0,2012-09-14,153,5,2,9,534,28.7,153,40,16,0,No,0,27.5,2.0,1,-0.14133562620442042,1.5889081995993364
8233,1950,Postgraduate,Widow,64866.0,0,1,2014-01-26,508,7,3,7,556,91.4,508,64,17,1,Yes,1,11.1,2.0,0,1.4147625616202877,-1.5933181811980082
9483,1959,Graduate,Together,57957.0,0,1,2013-08-19,290,4,6,8,637,45.5,290,55,18,1,Yes,1,16.4,1.0,0,0.34474695095688757,-0.04177077079013193
2945,1955,Postgraduate,Together,46015.0,1,1,2014-04-13,38,1,0,3,46,82.6,38,59,4,2,Yes,1,8.6,2.0,1,-0.8118659974759088,-1.814375758840286
10403,1978,Graduate,Together,16531.0,1,0,2014-06-18,2,3,0,3,44,4.5,2,36,6,1,Yes,1,6.4,1.0,1,-2.2258641855720045,-0.5231469715122238
5074,1986,Postgraduate,Married,28072.0,1,0,2013-08-07,30,1,0,3,47,63.8,30,28,4,1,Yes,1,16.8,2.0,1,-0.9861978375444528,-0.4767002522115179
10524,1963,Postgraduate,Divorced,49476.0,0,1,2013-06-20,386,2,11,5,795,48.6,386,51,18,1,Yes,1,18.4,2.0,0,0.6348162230494997,0.12658744040887573
4690,1953,Graduate,Married,50725.0,0,1,2013-02-13,443,8,1,8,586,75.6,443,61,17,1,Yes,1,22.5,1.0,0,1.2620318975347575,0.06831393481181519
7521,1952,Graduate,Together,83844.0,0,0,2013-12-05,901,4,4,11,1574,57.2,901,62,19,0,No,0,12.8,1.0,0,1.740831202570641,-0.7330046013132305
7196,1950,Postgraduate,Married,41145.0,1,1,2014-08-02,9,0,0,3,13,69.2,9,64,3,2,Yes,1,5.0,2.0,1,-1.2876608898667499,-1.9858277019899537
4406,1970,Graduate,Together,67419.0,0,1,2013-01-16,846,9,4,8,1471,57.5,846,44,21,1,Yes,1,23.5,1.0,0,2.0610559560308195,0.5507522668416108
4864,1977,Graduate,Married,34380.0,1,0,2013-02-05,72,4,1,3,175,41.1,72,37,8,1,Yes,1,22.8,1.0,1,-0.851268367289424,0.7145835335671443
4706,1966,Graduate,Single,34704.0,0,1,2013-04-27,29,1,0,3,40,72.5,29,48,4,1,Yes,1,20.1,1.0,1,-0.7476521404336887,-0.2567522372530615
4070,1969,Postgraduate,Married,94871.0,0,2,2012-01-09,169,8,5,4,1078,15.7,169,45,17,2,Yes,1,35.7,2.0,1,-0.07645178327646054,2.8215696229023903
25,1958,Graduate,Married,65148.0,0,1,2012-11-16,460,6,6,7,1115,41.3,460,56,19,1,Yes,1,25.5,1.0,0,0.8922636033552377,1.1132418468851812
3697,1954,Graduate,Together,39898.0,0,1,2013-12-02,69,3,0,4,134,51.5,69,60,7,1,Yes,1,12.9,1.0,1,-0.979761522213647,-0.6691617133584461
217,1956,Postgraduate,Single,64857.0,0,0,2012-11-23,556,7,5,10,1540,36.1,556,58,22,0,No,0,25.2,2.0,0,1.226125460629421,1.2030183262417884
4220,1970,Postgraduate,Married,59892.0,0,1,2013-02-11,73,2,1,3,87,83.9,73,44,6,1,Yes,1,22.6,2.0,1,-0.22184902845634089,-0.16705055030237845
5286,1987,Postgraduate,Single,41020.0,0,0,2013-10-28,112,3,2,4,217,51.6,112,27,9,0,No,0,14.1,2.0,1,-0.6979605826834104,-0.5119822554430296
9559,1961,Postgraduate,Married,57072.0,0,1,2014-01-24,944,7,5,13,1034,91.3,944,53,25,1,Yes,1,11.2,2.0,0,2.9307503237454786,-1.5307322642233123
2849,1979,Graduate,Single,60474.0,0,1,2013-01-04,265,10,2,12,1180,22.5,265,35,24,1,Yes,1,23.9,1.0,0,0.5490794612169392,1.3584609672126962
7787,1960,Graduate,Together,62807.0,0,1,2012-08-31,526,5,3,12,819,64.2,526,54,20,1,Yes,1,28.0,1.0,0,1.5912745724885813,0.9659655742383585
5868,1980,Graduate,Married,19107.0,1,0,2013-08-22,2,1,0,3,46,4.3,2,34,4,1,Yes,1,16.3,1.0,1,-2.165501885922079,0.6303730272775748
9988,1976,Postgraduate,Single,70379.0,0,1,2013-03-03,553,6,3,13,860,64.3,553,38,22,1,Yes,1,21.9,2.0,0,1.6704805988570233,0.26149323432976124
2939,1970,Postgraduate,Together,79419.0,0,0,2014-06-22,751,4,6,4,1631,46.0,751,44,14,0,No,0,6.3,2.0,0,0.6671423819618458,-1.3221702562475213
5529,1946,Postgraduate,Together,64014.0,2,1,2014-10-06,406,8,2,5,444,91.4,406,68,15,3,Yes,1,2.8,2.0,0,0.8540829638147042,-2.587149325551144
9743,1955,Graduate,Married,76998.0,0,1,2013-11-01,1449,11,8,8,1910,75.9,1257,59,27,1,Yes,1,14.0,1.0,0,3.48039568340051,-0.9020159248290112
5763,1972,Postgraduate,Together,49854.0,1,0,2013-10-11,123,6,2,5,380,32.4,123,42,13,1,Yes,1,14.7,2.0,1,-0.6843207703455537,-0.02507848691440646
3478,1971,Postgraduate,Married,60585.0,1,1,2013-06-24,267,7,4,9,736,36.3,267,43,20,2,Yes,1,18.2,2.0,0,0.33942727358298436,0.37335869049000825
7494,1950,Postgraduate,Divorced,42873.0,1,1,2013-01-21,209,6,1,4,269,77.7,209,64,11,2,Yes,1,23.3,2.0,0,0.36273967078147984,0.07801563985923601
1763,1988,Graduate,Together,87679.0,0,0,2013-07-27,1259,7,11,10,2524,49.9,1257,26,28,0,No,0,17.1,1.0,0,3.151144831954561,-0.016635784636604197
7250,1978,Graduate,Together,57867.0,1,0,2013-01-10,344,7,2,9,612,56.2,344,36,18,1,Yes,1,23.7,1.0,0,0.8208258432438171,0.6076236009547904
2005,1990,Graduate,Married,35765.0,1,0,2013-11-12,22,2,0,4,75,29.3,22,24,6,1,Yes,1,13.6,1.0,1,-1.5537651381011075,-0.15879363539416094
10770,1959,Graduate,Married,65492.0,0,0,2014-01-26,247,4,7,13,1045,23.6,247,55,24,0,No,0,11.1,1.0,0,0.23380742372415028,-0.17467549141939506
6885,1977,Graduate,Divorced,32952.0,1,0,2013-01-12,38,2,0,3,55,69.1,38,37,5,1,Yes,1,23.6,1.0,1,-0.6271737725764024,0.2330848857973901
2072,1969,Postgraduate,Together,53374.0,0,1,2012-08-16,896,4,2,9,1064,84.2,896,45,15,1,Yes,1,28.5,2.0,0,2.2682610567449575,0.5537523580912905
9463,1959,Graduate,Together,71706.0,0,1,2012-11-13,931,9,5,7,1443,64.5,931,55,21,1,Yes,1,25.6,1.0,0,2.4052722859128823,0.6554821974994853
6318,1988,Graduate,Married,68487.0,0,0,2013-01-13,758,9,7,13,1366,55.5,758,26,29,0,No,0,23.6,1.0,0,2.53173413909055,0.6909142073636089
4093,1975,Postgraduate,Together,53253.0,1,1,2013-11-02,216,4,3,5,436,49.5,216,39,12,2,Yes,1,13.9,2.0,1,-0.28831115287039527,-0.47164851668053054
3340,1977,Graduate,Married,42014.0,1,0,2012-08-17,244,7,1,6,436,56.0,244,37,14,1,Yes,1,28.4,1.0,0,0.3973029440361008,1.1335890898716827
3594,1973,Postgraduate,Married,54108.0,1,1,2012-05-11,539,8,2,9,747,72.2,539,41,19,2,Yes,1,31.7,2.0,0,1.7686923822503942,1.2355060888277143
3584,1955,Postgraduate,Single,49667.0,0,0,2012-08-20,1181,5,10,5,1396,84.6,1181,59,20,0,No,0,28.4,2.0,0,3.244673467308114,0.5636485860815579
3643,1974,Postgraduate,Married,63206.0,0,0,2014-03-20,750,4,3,6,928,80.8,750,40,13,0,No,0,9.4,2.0,0,1.305045059638882,-1.6467685561553724
851,1972,Postgraduate,Married,57136.0,1,1,2013-09-07,306,5,2,10,642,47.7,306,42,17,2,Yes,1,15.8,2.0,0,0.3182194037996882,-0.167269543431968
3967,1971,Postgraduate,Married,78931.0,0,0,2013-10-25,331,2,8,13,943,35.1,331,43,23,0,No,0,14.2,2.0,0,0.5994298829393804,-0.05000343102450261
10128,1958,Graduate,Together,53977.0,0,1,2013-08-06,620,5,5,12,907,68.4,620,56,22,1,Yes,1,16.8,1.0,0,1.7563254324952795,-0.4267205120045591
486,1988,Graduate,Married,84219.0,0,0,2014-02-02,434,3,4,10,1198,36.2,434,26,17,0,No,0,10.9,1.0,0,0.23435255908851382,-0.5313589407460291
9,1975,Postgraduate,Single,46098.0,1,1,2012-08-18,57,3,2,2,120,47.5,57,39,7,2,Yes,1,28.4,2.0,1,-0.7130463497940535,1.2421710570291002
9451,1965,Graduate,Married,73538.0,0,1,2012-11-25,811,10,4,9,1658,48.9,811,49,23,1,Yes,1,25.2,1.0,0,2.041488734334858,0.9432487249580864
9264,1986,Graduate,Married,79529.0,0,0,2014-04-27,423,4,8,9,1638,25.8,423,28,21,0,No,0,8.1,1.0,0,0.29029720240572254,-0.6168076322318881
2853,1980,Graduate,Single,51766.0,1,0,2014-11-03,60,4,2,4,275,21.8,60,34,10,1,Yes,1,1.9,1.0,1,-1.5585313497472582,-1.3567654431496035
1490,1962,Graduate,Married,55759.0,0,1,2012-11-28,675,10,3,8,854,79.0,675,52,21,1,Yes,1,25.1,1.0,0,2.171572300862881,0.33245291756977524
6310,1978,Graduate,Married,33039.0,1,0,2013-09-09,30,2,0,4,78,38.5,30,36,6,1,Yes,1,15.7,1.0,1,-1.3167535575632507,-0.09116546111437566
10380,1972,Postgraduate,Married,37787.0,1,0,2013-09-20,40,3,0,3,106,37.7,40,42,6,1,Yes,1,15.3,2.0,1,-1.3218677367873464,-0.12356732963458301
3887,1970,Graduate,Single,27242.0,1,0,2012-11-11,3,2,0,3,106,2.8,3,44,5,1,Yes,1,25.6,1.0,1,-1.8884106190711119,1.7692370845254033
4278,1983,Postgraduate,Single,87188.0,0,0,2013-03-06,910,10,2,6,1923,47.3,910,31,18,0,No,0,21.8,2.0,0,1.7002347436458332,0.5135058604443911
8643,1971,Graduate,Together,69930.0,0,0,2013-05-26,252,4,5,12,1662,15.2,252,43,21,0,No,0,19.2,1.0,0,0.02356700405992292,0.9158079944163477
1998,1976,Graduate,Single,37697.0,1,0,2014-07-02,34,2,1,3,84,40.5,34,38,6,1,Yes,1,6.0,1.0,1,-1.4998470101389894,-1.2771744539472076
10795,1973,Postgraduate,Married,37401.0,1,0,2014-06-05,19,2,0,3,48,39.6,19,41,5,1,Yes,1,6.9,2.0,1,-1.608836553667219,-1.162331347879637
11110,1973,Graduate,Single,3502.0,1,0,2013-04-13,2,0,0,0,5,40.0,2,41,0,1,Yes,1,20.6,1.0,1,-1.7338429482001316,0.3990238666567962
2408,1976,Graduate,Married,58597.0,1,1,2012-11-20,490,7,4,9,733,66.8,490,38,20,2,Yes,1,25.3,1.0,0,1.5070345080509067,0.5987275263700823
202,1948,Postgraduate,Widow,82032.0,0,0,2014-05-04,332,4,6,7,1234,26.9,332,66,17,0,No,0,7.9,2.0,1,-0.20684515124344538,-0.6961655744522737
7998,1958,Graduate,Together,28087.0,1,1,2012-11-12,53,2,2,2,112,47.3,53,56,6,2,Yes,1,25.6,1.0,1,-0.8747957626499068,0.9051186892988162
830,1987,Postgraduate,Single,74004.0,0,0,2014-02-24,784,4,6,4,1658,47.3,784,27,14,0,No,0,10.2,2.0,0,0.8468276059141291,-0.8891535190909688
3536,1960,Graduate,Together,19740.0,0,1,2013-03-24,7,1,1,3,55,12.7,7,54,5,1,Yes,1,21.3,1.0,1,-1.7965926873094844,1.0669769843065415
3463,1975,Postgraduate,Married,69283.0,0,1,2014-06-14,674,7,3,13,904,74.6,674,39,23,1,Yes,1,6.6,2.0,0,1.8208400724090696,-1.7475489361719978
2804,1975,Postgraduate,Single,46098.0,1,1,2012-08-18,57,3,2,2,120,47.5,57,39,7,2,Yes,1,28.4,2.0,1,-0.7130463497940535,1.2421710570291002
451,1989,Graduate,Single,9255.0,1,0,2013-12-20,9,1,1,2,22,40.9,9,25,4,1,Yes,1,12.4,1.0,1,-1.558782438626221,-0.5471769306255063
10530,1959,Postgraduate,Widow,67786.0,0,0,2013-07-12,431,3,6,6,1156,37.3,431,55,15,0,No,0,17.6,2.0,0,0.23797093357855514,0.21870890252578906
1079,1971,Postgraduate,Married,71969.0,0,1,2012-10-16,1000,3,4,9,1086,92.1,1000,43,16,1,Yes,1,26.5,2.0,0,2.6538816356417416,0.1650795365924797
8920,1967,Postgraduate,Single,59235.0,1,0,2013-12-01,448,11,2,12,1128,39.7,448,47,25,1,Yes,1,13.0,2.0,0,1.0515796832595705,-0.2702533540783224
6678,1989,Graduate,Together,31928.0,1,0,2014-03-28,33,3,0,4,72,45.8,33,25,7,1,Yes,1,9.1,1.0,1,-1.2452238630753723,-1.0040482796888937
3852,1961,Postgraduate,Together,74881.0,1,1,2013-08-03,505,9,2,12,964,52.4,505,53,23,2,Yes,1,16.9,2.0,0,1.3220385850667535,-0.08271613053234621
528,1978,Graduate,Married,65819.0,0,0,2012-11-29,267,5,4,10,1383,19.3,267,36,19,0,No,0,25.0,1.0,0,0.09684225747757237,1.4994148223952553
73,1953,Postgraduate,Single,51411.0,1,2,2013-05-26,14,0,0,3,18,77.8,14,61,3,3,Yes,1,19.2,2.0,1,-0.7829569105811791,-0.4759678517123232
5589,1964,Graduate,Divorced,51983.0,0,1,2012-08-31,631,9,2,10,793,79.6,631,50,21,1,Yes,1,28.0,1.0,0,2.16624812451567,0.6668979469360099
10212,1986,Postgraduate,Together,42386.0,1,0,2013-01-13,65,3,0,3,100,65.0,65,28,6,1,Yes,1,23.6,2.0,1,-0.5674623803431219,0.3215160741159108
5636,1963,Graduate,Single,30983.0,0,0,2012-09-11,51,4,0,3,167,30.5,51,51,7,0,No,0,27.6,1.0,1,-1.0615983754641416,1.480646901062387
591,1957,Graduate,Widow,66033.0,0,1,2013-01-20,293,8,3,7,677,43.3,293,57,18,1,Yes,1,23.3,1.0,0,0.47170464528916645,0.8166413045033108
2544,1951,Postgraduate,Divorced,57530.0,0,1,2013-12-10,50,1,1,4,92,54.3,50,63,6,1,Yes,1,12.7,2.0,1,-1.0530931121687552,-0.756418202809769
8091,1956,Graduate,Married,63943.0,0,1,2012-02-09,423,6,4,6,1106,38.2,423,58,16,1,Yes,1,34.7,1.0,0,0.7261642570526748,2.233302360830222
7321,1962,Graduate,Together,76081.0,0,0,2014-05-23,292,4,5,4,1033,28.3,292,52,13,0,No,0,7.3,1.0,1,-0.609507289666349,-0.8326065275782882
5462,1974,Graduate,Married,67445.0,0,1,2012-12-08,757,9,6,12,1174,64.5,757,40,27,1,Yes,1,24.7,1.0,0,2.555297158251811,0.6243382051552647
7791,1967,Postgraduate,Married,37054.0,1,1,2013-09-15,12,1,0,3,25,48.0,12,47,4,2,Yes,1,15.5,2.0,1,-1.3471796588664853,-0.3198767878834322
955,1962,Postgraduate,Together,47175.0,1,1,2012-10-28,167,4,2,4,240,69.6,167,52,10,2,Yes,1,26.1,2.0,1,0.1116734913876308,0.5603830863018128
4037,1976,Graduate,Divorced,31859.0,1,0,2013-06-14,3,1,0,2,20,15.0,3,38,3,1,Yes,1,18.6,1.0,1,-1.9936165842602307,0.6825330709679912
6642,1961,Graduate,Divorced,27215.0,2,1,2013-01-23,30,2,1,4,102,29.4,30,53,7,3,Yes,1,23.2,1.0,1,-1.2261810007853462,0.9836904315740493
2793,1976,Postgraduate,Divorced,70179.0,0,1,2013-07-21,532,7,3,13,1034,51.5,532,38,23,1,Yes,1,17.3,2.0,0,1.3666352217082736,-0.019909742559769343
5424,1983,Graduate,Married,39922.0,1,0,2013-02-14,29,3,0,4,156,18.6,29,31,7,1,Yes,1,22.5,1.0,1,-1.4467078344915367,1.11230865691512
879,1976,Postgraduate,Married,49681.0,0,2,2013-04-11,411,7,1,7,458,89.7,411,38,15,2,Yes,1,20.7,2.0,0,1.2530732548346286,-0.4384345997136988
9530,1988,Graduate,Married,24645.0,1,0,2012-01-11,5,1,0,2,17,29.4,5,26,3,1,Yes,1,35.6,1.0,1,-1.3202609862060823,2.410126956075286
4828,1954,Graduate,Divorced,79865.0,0,1,2014-06-18,71,5,10,5,792,9.0,71,60,20,1,Yes,1,6.4,1.0,1,-0.8268477174127721,-0.472251117573731
10699,1985,Graduate,Married,44322.0,1,0,2014-06-16,46,3,0,3,92,50.0,46,29,6,1,Yes,1,6.5,1.0,1,-1.287159363999062,-1.4048493111454718
1497,1952,Graduate,Single,47958.0,0,1,2013-01-19,268,6,3,5,407,65.8,268,62,14,1,Yes,1,23.4,1.0,0,0.5093189636684736,0.34900066301968574
7476,1964,Postgraduate,Single,63972.0,0,1,2012-02-12,928,5,4,10,1269,73.1,928,50,19,1,Yes,1,34.6,2.0,0,2.6033753777781268,1.530693395689535
4390,1954,Graduate,Together,75315.0,0,1,2014-04-15,459,5,4,12,841,54.6,459,60,21,1,Yes,1,8.5,1.0,0,0.9080927722703007,-1.135725043538366
10478,1950,Postgraduate,Married,55517.0,1,1,2012-09-27,483,11,1,6,633,76.3,483,64,18,2,Yes,1,27.1,2.0,0,1.5448637615186553,0.6055749901469605
1081,1957,Postgraduate,Married,75283.0,1,2,2013-03-27,733,6,3,5,1019,71.9,733,57,14,3,Yes,1,21.2,2.0,0,1.4677770789587992,-0.06623939111139218
4261,1946,Postgraduate,Single,82800.0,0,0,2012-11-24,1006,7,6,12,1315,76.5,1006,68,25,0,No,0,25.2,2.0,0,3.102640589334433,0.4088726621147008
9916,1954,Graduate,Married,38998.0,1,1,2012-03-11,34,2,0,3,54,63.0,34,60,5,2,Yes,1,33.7,1.0,1,-0.5114029730360055,1.5465847812616769
5350,1991,Postgraduate,Single,90638.0,0,0,2014-02-13,1156,3,4,10,2525,45.8,1156,23,17,0,No,0,10.5,2.0,0,1.7959079345179598,-0.822121550141403
8135,1986,Postgraduate,Married,27161.0,1,0,2013-10-28,7,1,0,3,52,13.5,7,28,4,1,Yes,1,14.1,2.0,1,-2.0354466982377,0.1899574753973717
8685,1977,Graduate,Married,42014.0,1,0,2012-08-17,244,7,1,6,436,56.0,244,37,14,1,Yes,1,28.4,1.0,0,0.3973029440361008,1.1335890898716827
4967,1960,Postgraduate,Together,38201.0,0,1,2013-03-29,233,5,1,5,268,86.9,233,54,11,1,Yes,1,21.1,2.0,0,0.5294079227844349,-0.3638650066087802
2130,1982,Graduate,Together,45203.0,2,0,2014-03-23,35,3,1,3,147,23.8,35,32,7,2,Yes,1,9.3,1.0,1,-1.6484091377044667,-0.5501693501435586
9298,1947,Postgraduate,Together,81574.0,0,0,2014-04-28,1252,4,5,8,1798,69.6,1252,67,17,0,No,0,8.1,2.0,0,2.3698636281388836,-1.5788189145758236
8175,1992,Graduate,Married,34935.0,0,0,2013-06-21,34,2,1,4,137,24.8,34,22,7,0,No,0,18.3,1.0,1,-1.419858025225552,0.49417598133852436
6257,1976,Postgraduate,Single,60482.0,0,1,2013-01-23,255,7,2,7,507,50.3,255,38,16,1,Yes,1,23.2,2.0,0,0.35830217475512866,0.6502007656450034
3790,1956,Graduate,Together,34633.0,2,1,2014-01-23,8,1,0,2,15,53.3,8,58,3,3,Yes,1,11.2,1.0,1,-1.441286531584558,-0.9418325204422593
9952,1947,Postgraduate,Together,78093.0,0,0,2013-11-12,368,4,7,5,1105,33.3,368,67,16,0,No,0,13.6,2.0,0,0.03200695477321955,-0.16069032314487244
3503,1950,Graduate,Divorced,82460.0,0,0,2013-02-12,255,5,3,6,974,26.2,255,64,14,0,No,0,22.6,1.0,1,-0.2756966110276907,1.0301467043524073
5223,1966,Postgraduate,Together,45903.0,0,1,2014-04-23,33,2,1,3,66,50.0,33,48,6,1,Yes,1,8.3,2.0,1,-1.2698579222259867,-1.191080575124608
4608,1987,Graduate,Divorced,81361.0,0,0,2014-02-25,163,3,10,13,778,21.0,163,27,26,0,No,0,10.2,1.0,0,0.17093534512884206,-0.20310949464512779
1626,1973,Postgraduate,Divorced,35860.0,1,1,2014-05-19,15,1,1,2,49,30.6,15,41,4,2,Yes,1,7.4,2.0,1,-1.8576377878532602,-0.9371551804433367
4764,1952,Postgraduate,Together,40442.0,1,1,2012-08-19,45,3,1,4,169,26.6,45,62,8,2,Yes,1,28.4,2.0,1,-1.0429116305362083,1.66227286999632
2471,1965,Graduate,Married,61482.0,0,0,2014-06-27,48,3,2,6,299,16.1,48,49,11,0,No,0,6.1,1.0,1,-1.5050957218534906,-0.7375709796200375
5892,1980,Graduate,Married,34968.0,1,0,2013-10-04,158,3,2,5,221,71.5,158,34,10,1,Yes,1,14.9,1.0,1,-0.13363631204213877,-0.7999723964766623
2612,1987,Graduate,Married,75794.0,0,0,2013-12-24,754,7,5,12,1682,44.8,754,27,24,0,No,0,12.2,1.0,0,1.633452778241893,-0.4984883472536703
4971,1962,Postgraduate,Together,31497.0,0,1,2012-06-12,108,3,1,4,155,69.7,108,52,8,1,Yes,1,30.6,2.0,1,-0.06310015994166575,1.0742846927419136
5185,1955,Graduate,Married,74268.0,0,0,2013-02-14,199,4,3,5,892,22.3,199,59,12,0,No,0,22.5,1.0,1,-0.6277861303753982,1.078334045377624
10069,1988,Undergraduate,Together,13724.0,1,0,2012-08-31,2,2,0,2,58,3.4,2,26,4,1,Yes,1,28.0,0.0,1,-1.9070548466140314,2.0309609598611855
2262,1965,Postgraduate,Together,45143.0,0,1,2013-08-26,202,6,1,5,311,65.0,202,49,12,1,Yes,1,16.2,2.0,1,0.028921012804122945,-0.50193196373019
1131,1967,Postgraduate,Single,52569.0,0,1,2014-05-04,85,2,0,4,95,89.5,85,47,6,1,Yes,1,7.9,2.0,1,-0.43979577472397924,-2.0151217884787873
1041,1973,Postgraduate,Single,48432.0,0,1,2012-10-18,322,7,1,6,424,75.9,322,41,14,1,Yes,1,26.4,2.0,0,0.8729930610805938,0.5018579537813568
24,1960,Postgraduate,Together,17144.0,1,1,2014-02-15,18,3,0,4,47,38.3,18,54,7,2,Yes,1,10.5,2.0,1,-1.3815557437906592,-0.6906820250613986
3409,1984,Graduate,Single,36108.0,1,0,2013-10-15,141,7,1,4,339,41.6,141,30,12,1,Yes,1,14.5,1.0,1,-0.5665728384951378,-0.24039313157859996
7022,1971,Graduate,Married,76445.0,1,0,2012-09-28,739,2,5,13,1410,52.4,739,43,20,1,Yes,1,27.1,1.0,0,1.7597049444977833,1.0740048007545087
7943,1975,Postgraduate,Married,36663.0,1,0,2014-04-25,18,1,1,3,35,51.4,18,39,5,1,Yes,1,8.2,2.0,1,-1.3593305445097374,-1.2394365449457172
5272,1965,Postgraduate,Married,53843.0,0,1,2013-06-27,378,8,5,3,562,67.3,378,49,16,1,Yes,1,18.1,2.0,0,0.7934915597671938,-0.29469763608556376
5453,1956,Postgraduate,Married,90226.0,0,0,2012-09-26,1083,4,7,12,2352,46.0,1083,58,23,0,No,0,27.1,2.0,0,2.5560635645749374,1.2035949425106427
2565,1955,Postgraduate,Divorced,70638.0,0,0,2013-01-06,1016,4,5,10,1334,76.2,1016,59,19,0,No,0,23.8,2.0,0,2.576855390572189,0.1866636683272158
800,1960,Graduate,Together,44512.0,1,1,2013-08-30,23,1,0,3,32,71.9,23,54,4,2,Yes,1,16.0,1.0,1,-0.8669131238662361,-0.7291859564673259
11092,1961,Graduate,Married,27116.0,1,1,2014-02-03,12,2,0,3,41,29.3,12,53,5,2,Yes,1,10.9,1.0,1,-1.7209805179990956,-0.48747565014927
5062,1963,Postgraduate,Married,54072.0,1,1,2013-07-27,35,2,0,2,39,89.7,35,51,4,2,Yes,1,17.1,2.0,1,-0.4847677806857366,-0.9483140460039282
8969,1977,Graduate,Married,71855.0,0,1,2013-01-16,548,5,5,11,1141,48.0,548,37,21,1,Yes,1,23.5,1.0,0,1.3090099211105415,0.7595824038990474
4480,1973,Postgraduate,Married,60432.0,0,1,2014-09-03,365,7,2,5,401,91.0,365,41,14,1,Yes,1,3.9,2.0,0,0.7090550075057189,-2.456442299469584
9971,1964,Postgraduate,Married,65526.0,0,1,2014-11-04,397,4,4,8,506,78.5,397,50,16,1,Yes,1,1.9,2.0,0,0.658547946029803,-2.4301683400976173
6729,1988,Graduate,Single,68655.0,0,0,2012-10-08,456,4,5,11,1538,29.6,456,26,20,0,No,0,26.7,1.0,0,0.7782336602606792,1.4945886826912695
9242,1990,Graduate,Single,64509.0,0,0,2013-08-17,836,6,3,9,1722,48.5,836,24,18,0,No,0,16.5,1.0,0,1.455390776030828,-0.13074249197493998
1764,1975,Graduate,Single,33955.0,1,0,2013-09-08,100,5,1,5,270,37.0,100,39,11,1,Yes,1,15.7,1.0,1,-0.787853764165701,-0.015699924029035733
6215,1977,Graduate,Married,31353.0,1,1,2013-12-29,10,1,1,2,31,32.3,10,37,4,2,Yes,1,12.1,1.0,1,-1.7248690907399662,-0.41447077009776195
10099,1984,Graduate,Married,55434.0,1,0,2013-05-10,238,5,3,13,882,27.0,238,30,21,1,Yes,1,19.7,1.0,0,0.22919864219639247,0.7451424292084831
5423,1983,Graduate,Together,28359.0,1,0,2013-10-27,6,1,0,2,16,37.5,6,31,3,1,Yes,1,14.1,1.0,1,-1.6726138319223613,-0.28978811325331727
940,1987,Graduate,Single,57100.0,1,0,2014-05-18,158,3,2,7,311,50.8,158,27,12,1,Yes,1,7.5,1.0,1,-0.5263335722698919,-1.2491108140412583
3011,1965,Graduate,Married,69139.0,0,1,2014-01-27,86,4,1,5,227,37.9,86,49,10,1,Yes,1,11.1,1.0,1,-0.990638440996315,-0.586267114711918
3298,1956,Postgraduate,Married,52973.0,0,1,2012-08-11,856,9,6,9,1152,74.3,856,58,24,1,Yes,1,28.6,2.0,0,2.767998092673244,0.8550666859015513
8286,1965,Postgraduate,Together,51717.0,0,1,2013-08-20,98,3,0,4,122,80.3,98,49,7,1,Yes,1,16.4,2.0,1,-0.30251458386782093,-0.8211084980115193
9668,1971,Graduate,Married,18793.0,1,0,2013-12-01,4,2,0,4,77,5.2,4,43,6,1,Yes,1,13.0,1.0,1,-2.0536167500666687,0.2431476133535874
6097,1959,Graduate,Single,50664.0,1,1,2013-01-16,313,8,1,6,561,55.8,313,55,15,2,Yes,1,23.5,1.0,0,0.49564677963902437,0.5632876468463931
7019,1963,Graduate,Together,54414.0,1,1,2013-01-23,109,3,1,5,211,51.7,109,51,9,2,Yes,1,23.2,1.0,1,-0.48775467936352057,0.5619446105337762
7408,1952,Postgraduate,Married,54549.0,0,1,2014-03-03,216,5,1,4,233,92.7,216,62,10,1,Yes,1,10.0,2.0,1,0.2596095699243577,-1.7983837634997777
8041,1971,Postgraduate,Widow,47111.0,0,1,2012-08-09,595,3,2,10,1092,54.5,595,43,15,1,Yes,1,28.7,2.0,0,1.1370829668003324,1.1816330481979946
252,1963,Postgraduate,Divorced,41003.0,0,0,2013-03-17,123,6,2,8,601,20.5,123,51,16,0,No,0,21.5,2.0,1,-0.4937893134460551,1.0424195012192352
9986,1982,Graduate,Together,19444.0,1,0,2014-02-22,16,4,1,2,54,29.6,16,32,7,1,Yes,1,10.2,1.0,1,-1.555294974756118,-0.555788204492408
3859,1947,Postgraduate,Together,73059.0,0,1,2013-08-31,410,9,3,13,1095,37.4,410,67,25,1,Yes,1,16.0,2.0,0,1.0058949509118527,0.13228291418802068
3570,1969,Postgraduate,Together,42731.0,1,0,2013-10-21,159,4,1,5,244,65.2,159,45,10,1,Yes,1,14.3,2.0,1,-0.263735631774535,-0.747722860716884
3783,1959,Postgraduate,Married,52854.0,1,1,2014-03-24,105,2,1,4,116,90.5,105,55,7,2,Yes,1,9.3,2.0,1,-0.265182580409659,-1.8604387213881892
10207,1978,Graduate,Together,22775.0,1,0,2013-06-19,5,1,0,2,15,33.3,5,36,3,1,Yes,1,18.4,1.0,1,-1.65197133784791,0.3007298851804286
10906,1948,Postgraduate,Together,46681.0,0,2,2013-08-10,269,4,6,4,425,63.3,269,66,14,2,Yes,1,16.7,2.0,0,0.30681138591131824,-0.3941316750272321
3427,1955,Postgraduate,Married,59821.0,0,1,2013-12-04,629,11,2,7,734,85.7,629,59,20,1,Yes,1,12.9,2.0,0,1.836852893454038,-1.247460457931584
5209,1954,Graduate,Divorced,50002.0,0,1,2013-06-17,443,8,2,7,638,69.4,443,60,17,1,Yes,1,18.5,1.0,0,1.0518780033056703,-0.28320765394726083
10711,1945,Graduate,Married,69755.0,0,0,2013-02-10,217,3,6,12,894,24.3,217,69,21,0,No,0,22.6,1.0,0,0.20643377673558097,1.142372790477258
10785,1969,Graduate,Married,44078.0,1,1,2014-06-19,24,2,0,3,41,58.5,24,45,5,2,Yes,1,6.4,1.0,1,-1.2572396325525244,-1.5915648907730255
2814,1976,Postgraduate,Together,30560.0,1,0,2013-06-27,9,1,0,3,31,29.0,9,38,4,1,Yes,1,18.1,2.0,1,-1.647382908496344,0.3593862172060223
6866,1969,Postgraduate,Together,35924.0,1,1,2014-03-23,8,1,0,3,34,23.5,8,45,4,2,Yes,1,9.3,2.0,1,-1.9593027873189657,-0.5731293742144626
1665,1964,Postgraduate,Divorced,64140.0,0,2,2013-09-23,1459,2,5,6,1750,83.4,1257,50,13,2,Yes,1,15.2,2.0,0,2.4671656828775372,-1.0511477015298656
6575,1981,Graduate,Together,56386.0,1,1,2012-10-27,230,9,1,7,612,37.6,230,33,17,2,Yes,1,26.1,1.0,0,0.2250890435139502,1.2536761624121127
3829,1979,Undergraduate,Together,24594.0,1,0,2013-10-12,1,1,0,3,29,3.4,1,35,4,1,Yes,1,14.6,0.0,1,-2.224272577476438,0.44711114864900037
10141,1960,Postgraduate,Divorced,39228.0,0,0,2013-10-05,7,0,0,3,20,35.0,7,54,3,0,No,0,14.8,2.0,1,-1.7010056348040379,-0.15821453945269767
5177,1974,Postgraduate,Married,58494.0,0,1,2013-12-12,298,6,2,6,396,75.3,298,40,14,1,Yes,1,12.6,2.0,0,0.49081317667517943,-1.1157617466164378
7005,1981,Graduate,Single,58684.0,0,0,2014-06-16,479,5,3,12,813,58.9,479,33,20,0,No,0,6.5,1.0,0,0.8956353589992517,-1.4681000750414346
6409,1967,Graduate,Divorced,57136.0,0,0,2013-05-18,267,7,5,7,1179,22.6,267,47,19,0,No,0,19.4,1.0,0,0.02684073535554488,0.7729163459733422
7485,1950,Postgraduate,Widow,56551.0,1,1,2014-07-05,67,2,1,4,138,48.6,67,64,7,2,Yes,1,5.9,2.0,1,-1.2025951325410515,-1.4396984538938589
8079,1982,Graduate,Married,22448.0,1,0,2014-02-26,3,2,1,3,55,5.5,3,32,6,1,Yes,1,10.1,1.0,1,-2.118163607787583,-0.10543441899846713
8395,1961,Graduate,Single,82014.0,0,0,2012-08-20,980,3,6,12,1511,64.9,980,53,21,0,No,0,28.4,1.0,0,2.5730633711191806,0.9748482828831887
10352,1963,Graduate,Widow,34213.0,1,1,2012-07-09,50,3,1,2,117,42.7,50,51,6,2,Yes,1,29.7,1.0,1,-0.8701993818838204,1.479975525162705
4931,1977,Graduate,Together,118183.75,0,0,2013-04-29,1,0,28,0,1730,0.1,1,37,28,0,No,0,20.1,1.0,0,-0.1306251542233508,1.4090771832387523
13,1947,Postgraduate,Widow,25358.0,0,1,2013-07-22,19,1,0,3,32,59.4,19,67,4,1,Yes,1,17.3,2.0,1,-1.0779793180286175,-0.3306717988132944
1834,1978,Postgraduate,Single,35544.0,1,0,2014-08-03,30,2,0,3,67,44.8,30,36,5,1,Yes,1,4.9,2.0,1,-1.5373762617642943,-1.501315688214227
2285,1954,Postgraduate,Together,36634.0,0,1,2013-05-28,213,5,2,5,335,63.6,213,60,12,1,Yes,1,19.1,2.0,1,0.09215064871927624,-0.13260141130737094
2295,1954,Postgraduate,Married,62670.0,0,1,2014-02-02,539,5,3,13,825,65.3,539,60,21,1,Yes,1,10.9,2.0,0,1.3189808746140363,-1.0675326959164946
2781,1981,Graduate,Single,72066.0,0,0,2014-06-23,1003,4,6,6,1792,56.0,1003,33,16,0,No,0,6.3,1.0,0,1.5087373393948589,-1.5166276430878995
1165,1958,Postgraduate,Single,50729.0,1,1,2013-02-05,239,6,2,7,496,48.2,239,56,15,2,Yes,1,22.8,2.0,0,0.19433889709087476,0.6349323816749713
1404,1968,Graduate,Together,34916.0,2,0,2013-05-15,51,5,1,3,231,22.1,51,46,9,2,Yes,1,19.5,1.0,1,-1.240563097202391,0.7081375264039361
6457,1976,Graduate,Divorced,64892.0,0,1,2014-05-29,527,6,4,12,902,58.4,527,38,22,1,Yes,1,7.1,1.0,0,1.161724408018359,-1.3704902933928194
2639,1966,Graduate,Single,43602.0,1,1,2014-10-01,19,3,1,2,68,27.9,19,48,6,2,Yes,1,3.0,1.0,1,-1.8351571929325035,-1.3841308112045987
8299,1989,Postgraduate,Single,33996.0,0,0,2013-11-09,40,1,1,3,71,56.3,40,25,5,0,No,0,13.7,2.0,1,-1.0958192307060162,-0.6868738479782056
6912,1967,Postgraduate,Married,63246.0,0,2,2013-08-20,593,6,3,12,772,76.8,593,47,21,2,Yes,1,16.4,2.0,0,1.7676798306896393,-0.6465552615882443
7327,1959,Postgraduate,Married,36732.0,1,1,2013-12-29,21,1,1,4,47,44.7,21,55,6,2,Yes,1,12.1,2.0,1,-1.3027643004297271,-0.6372964923498663
5299,1970,Postgraduate,Married,69084.0,1,0,2013-11-19,1181,7,3,13,1586,74.5,1181,44,23,1,Yes,1,13.4,2.0,0,2.9559574996186484,-0.9809036883903917
4127,1967,Postgraduate,Married,77766.0,0,1,2013-02-22,1004,11,10,11,1529,65.7,1004,47,32,1,Yes,1,22.2,2.0,0,3.416986008706316,0.3378255839438755
8143,1985,Postgraduate,Single,37929.0,0,0,2013-07-30,202,4,2,5,265,76.2,202,29,11,0,No,0,17.0,2.0,1,0.17294341641109512,-0.6367817087841118
1964,1951,Graduate,Together,86610.0,0,0,2013-05-09,446,5,6,6,1603,27.8,446,63,17,0,No,0,19.7,1.0,0,0.3073214263834428,0.6722382130611723
3690,1986,Postgraduate,Married,80141.0,0,0,2013-11-01,1184,7,4,10,2091,56.6,1184,28,21,0,No,0,14.0,2.0,0,2.472011973673003,-0.5806372961311558
3389,1970,Graduate,Married,69016.0,0,1,2012-11-22,726,8,9,13,1533,47.4,726,44,30,1,Yes,1,25.3,1.0,0,2.4428891536555764,1.0630940253244212
1170,1975,Graduate,Married,27573.0,1,0,2013-03-25,50,5,1,4,244,20.5,50,39,10,1,Yes,1,21.2,1.0,1,-1.1480190124468204,0.9507655212838061
6347,1979,Undergraduate,Single,15862.0,1,0,2013-06-27,1,1,0,3,36,2.8,1,35,4,1,Yes,1,18.1,0.0,1,-2.153149933968986,0.8725613801536944
4065,1976,Postgraduate,Married,49544.0,1,0,2013-12-02,308,5,1,8,404,76.2,308,38,14,1,Yes,1,12.9,2.0,0,0.533986076422493,-1.098678762402464
8230,1980,Graduate,Married,33228.0,1,0,2014-01-23,22,2,0,3,71,31.0,22,34,5,1,Yes,1,11.2,1.0,1,-1.6628350686825872,-0.48604330047013483
1215,1978,Graduate,Together,70440.0,0,0,2013-08-10,690,5,10,7,1572,43.9,690,36,22,0,No,0,16.7,1.0,0,1.4303284230251614,0.03536210356229833
5939,1971,Graduate,Together,38232.0,1,1,2014-01-17,43,3,1,3,122,35.2,43,43,7,2,Yes,1,11.4,1.0,1,-1.3702230458513236,-0.5255804208345791
2156,1955,Postgraduate,Married,22554.0,1,1,2012-03-11,27,2,0,4,41,65.9,27,59,6,2,Yes,1,33.7,2.0,1,-0.38619988716866777,1.5006946656101317
7788,1983,Postgraduate,Married,23536.0,1,0,2014-04-06,6,0,0,3,10,60.0,6,31,3,1,Yes,1,8.8,2.0,1,-1.376215416753622,-1.3564407680310486
10323,1952,Graduate,Married,49413.0,0,1,2013-10-25,205,4,2,5,304,67.4,205,62,11,1,Yes,1,14.2,1.0,1,-0.05185526324196358,-0.7958258641081319
7947,1969,Graduate,Married,42231.0,1,1,2014-03-25,24,1,0,3,37,64.9,24,45,4,2,Yes,1,9.2,1.0,1,-1.155994208826809,-1.3961038254158793
1891,1980,Postgraduate,Divorced,78789.0,0,0,2012-08-08,667,4,6,5,1754,38.0,667,34,15,0,No,0,28.7,2.0,0,0.9670183756692369,1.498875448093641
2570,1968,Graduate,Together,56534.0,0,1,2013-07-23,691,10,4,7,815,84.8,691,46,21,1,Yes,1,17.3,1.0,0,2.1274279010202948,-0.7042352591591704
9256,1971,Graduate,Single,58350.0,0,1,2013-04-01,493,8,3,12,1001,49.3,493,43,23,1,Yes,1,21.0,1.0,0,1.3373654658083867,0.46348975775189566
295,1989,Graduate,Single,81217.0,0,0,2013-07-19,493,3,7,11,1157,42.6,493,25,21,0,No,0,17.4,1.0,0,0.9584321568546886,0.14842389052350596
7397,1951,Graduate,Single,49090.0,0,1,2013-07-19,494,7,2,9,688,71.8,494,63,18,1,Yes,1,17.4,1.0,0,1.2536073673895247,-0.453812368780556
6349,1987,Postgraduate,Divorced,61787.0,0,0,2013-06-07,621,8,4,6,1319,47.1,621,27,18,0,No,0,18.8,2.0,0,1.0690001516332714,0.18509287405809935
10790,1985,Postgraduate,Married,18169.0,1,0,2013-02-19,9,1,0,2,21,42.9,9,29,3,1,Yes,1,22.3,2.0,1,-1.3728290102856864,0.5736074860404837
2431,1990,Graduate,Married,18222.0,0,0,2012-12-31,12,2,0,3,67,17.9,12,24,5,0,No,0,24.0,1.0,1,-1.6261073695129928,1.2840117629455219
550,1952,Graduate,Divorced,62335.0,0,1,2013-05-23,243,3,3,13,708,34.3,243,62,19,1,Yes,1,19.3,1.0,0,0.19721327568380886,0.5340561115363601
10742,1983,Postgraduate,Married,86580.0,0,0,2013-02-27,532,4,2,5,746,71.3,532,31,11,0,No,0,22.1,2.0,0,0.8371463771233639,0.03646990622389634
10356,1957,Postgraduate,Divorced,41437.0,1,1,2012-09-22,29,1,0,3,32,90.6,29,57,4,2,Yes,1,27.3,2.0,1,-0.23948826330856451,0.24021736792355108
4676,1951,Postgraduate,Widow,73705.0,0,2,2014-05-03,612,9,6,8,1695,36.1,612,63,23,2,Yes,1,8.0,2.0,0,1.0137527367836308,-0.8240964119707093
8852,1976,Graduate,Married,61064.0,0,1,2012-08-31,387,8,4,11,1080,35.8,387,38,23,1,Yes,1,28.0,1.0,0,1.0451454443669668,1.5631924123295942
3565,1955,Postgraduate,Married,38452.0,1,1,2014-03-30,56,3,0,3,72,77.8,56,59,6,2,Yes,1,9.1,2.0,1,-0.6864174198235664,-1.6421508594831002
5294,1989,Graduate,Single,18358.0,1,0,2013-11-20,6,3,0,4,57,10.5,6,25,7,1,Yes,1,13.3,1.0,1,-1.8590942373949653,0.1850726524046579
1958,1973,Postgraduate,Together,55012.0,0,1,2014-03-21,582,8,2,9,660,88.2,582,41,19,1,Yes,1,9.4,2.0,0,1.6263042786942552,-1.7167604279547157
7349,1973,Undergraduate,Together,9722.0,1,0,2012-02-10,6,3,1,3,103,5.8,6,41,7,1,Yes,1,34.7,0.0,1,-1.4435339685011148,2.806575064558632
8799,1984,Postgraduate,Married,38175.0,1,0,2013-09-23,70,3,1,4,153,45.8,70,30,8,1,Yes,1,15.2,2.0,1,-0.9459802519696501,-0.27555633600984547
1351,1956,Postgraduate,Together,58656.0,0,1,2012-09-20,962,7,8,13,1220,78.9,962,58,28,1,Yes,1,27.3,2.0,0,3.3654311746303147,0.6444519510377269
1045,1965,Graduate,Together,52117.0,0,1,2012-08-16,112,5,2,4,279,40.1,112,49,11,1,Yes,1,28.5,1.0,1,-0.4055378617457674,1.4357333647439365
7732,1978,Graduate,Married,64813.0,1,0,2014-02-01,293,7,2,10,745,39.3,293,36,19,1,Yes,1,10.9,1.0,0,0.18949694610825274,-0.5605252798281294
8070,1973,Postgraduate,Married,54222.0,0,1,2014-01-03,199,3,3,5,264,75.4,199,41,11,1,Yes,1,11.9,2.0,1,0.03219114697485695,-1.2237376016900765
477,1986,Graduate,Married,83512.0,0,0,2014-06-17,1060,4,7,10,2157,49.1,1060,28,21,0,No,0,6.5,1.0,0,1.9162272109462868,-1.310877189433166
7832,1959,Postgraduate,Married,77520.0,0,1,2013-08-28,940,8,7,7,1526,61.6,940,55,22,1,Yes,1,16.1,2.0,0,2.22922943328048,-0.4011078468475788
2202,1978,Graduate,Together,41154.0,0,1,2013-09-04,44,1,0,4,69,63.8,44,36,5,1,Yes,1,15.9,1.0,1,-0.8959794156667559,-0.573859284185931
7396,1966,Graduate,Married,80398.0,0,0,2012-10-11,342,5,8,12,1597,21.4,342,48,25,0,No,0,26.6,1.0,0,0.8248168122648943,1.70349621827513
4055,1992,Undergraduate,Single,18746.0,1,0,2014-05-29,2,3,0,3,64,3.1,2,22,6,1,Yes,1,7.1,0.0,1,-2.2355957361812258,-0.41301590995554344
10340,1984,Graduate,Together,35196.0,1,0,2012-11-13,75,6,1,5,497,15.1,75,30,12,1,Yes,1,25.6,1.0,1,-0.9285471040839259,1.5951822810958465
10091,1956,Graduate,Single,60230.0,0,1,2013-05-20,520,6,3,6,1067,48.7,520,58,15,1,Yes,1,19.4,1.0,0,0.6651855520018565,0.2015908517958901
7629,1977,Graduate,Married,22108.0,1,1,2014-08-05,5,2,0,3,31,16.1,5,37,5,2,Yes,1,4.9,1.0,1,-2.12269156218887,-0.9379214182402991
10640,1974,Graduate,Together,44392.0,1,1,2013-05-09,87,4,1,4,211,41.2,87,40,9,2,Yes,1,19.7,1.0,1,-0.8090155226176938,0.3553433585121714
3498,1976,Postgraduate,Married,55424.0,0,1,2012-11-25,462,7,5,9,877,52.7,462,38,21,1,Yes,1,25.2,2.0,0,1.2712509286072022,0.8752123594944943
6742,1979,Graduate,Married,17688.0,1,0,2013-01-13,2,1,0,2,11,18.2,2,35,3,1,Yes,1,23.6,1.0,1,-1.818007595533856,1.2110251510751937
1172,1983,Postgraduate,Married,92491.0,0,0,2013-01-05,979,7,5,12,2034,48.1,979,31,24,0,No,0,23.8,2.0,0,2.401728548578866,0.7907635995325687
569,1991,Graduate,Single,90273.0,0,0,2013-12-14,704,5,6,7,1991,35.4,704,23,18,0,No,0,12.5,1.0,0,0.8617341949225894,-0.33709880599780473
4686,1962,Postgraduate,Widow,82571.0,0,0,2014-02-04,861,6,5,13,1686,51.1,861,52,24,0,No,0,10.8,2.0,0,1.924610146040703,-0.795472792293582
1381,1982,Postgraduate,Single,38513.0,1,0,2014-01-28,172,6,1,5,324,53.1,172,32,12,1,Yes,1,11.1,2.0,1,-0.3716044733047775,-0.8696533259457462
2634,1979,Postgraduate,Single,16653.0,1,0,2014-04-18,5,2,1,3,69,7.2,5,35,6,1,Yes,1,8.4,2.0,1,-2.122492503086493,-0.3397921905896581
10905,1955,Graduate,Together,42586.0,1,1,2012-10-29,194,4,1,6,252,77.0,194,59,11,2,Yes,1,26.1,1.0,0,0.3866152836780895,0.42383640318202975
1744,1965,Undergraduate,Single,23529.0,0,1,2013-07-01,9,1,1,2,54,16.7,9,49,4,1,Yes,1,18.0,0.0,1,-1.8799387739994127,0.5881943730190624
1000,1961,Postgraduate,Together,74881.0,1,1,2013-08-03,505,9,2,12,964,52.4,505,53,23,2,Yes,1,16.9,2.0,0,1.3220385850667535,-0.08271613053234621
3828,1951,Graduate,Married,71107.0,0,1,2013-02-17,533,7,6,13,1327,40.2,533,63,26,1,Yes,1,22.4,1.0,0,1.5303235242660307,0.8348272067095478
8605,1964,Postgraduate,Together,46910.0,1,1,2014-03-23,48,2,0,3,68,70.6,48,50,5,2,Yes,1,9.3,2.0,1,-0.916297178649759,-1.4873412292646364
10304,1959,Graduate,Married,18690.0,0,0,2012-12-28,6,1,1,2,60,10.0,6,55,4,0,No,0,24.1,1.0,1,-1.8675870183185503,1.44054112773894
4351,1955,Graduate,Divorced,37244.0,1,1,2013-04-27,18,1,1,2,55,32.7,18,59,4,2,Yes,1,20.1,1.0,1,-1.51373351873821,0.5227150435112567
10129,1966,Graduate,Together,82427.0,0,0,2014-12-03,482,3,5,12,1456,33.1,482,48,20,0,No,0,0.9,1.0,0,0.2867883564533208,-1.6255380509829884
10092,1954,Graduate,Divorced,70044.0,0,1,2013-02-18,1073,7,10,5,1504,71.3,1073,60,22,1,Yes,1,22.4,1.0,0,2.8152967472688277,0.1435546073892282
7500,1967,Graduate,Single,79146.0,1,1,2014-04-24,245,8,1,8,564,43.4,245,47,17,2,Yes,1,8.2,1.0,1,-0.05862686326008599,-0.976790270245657
5796,1963,Graduate,Married,77437.0,0,0,2013-11-26,560,4,5,13,1125,49.8,560,51,22,0,No,0,13.1,1.0,0,1.2055355644624635,-0.4955696005055011
10556,1959,Graduate,Married,54984.0,0,1,2014-05-24,173,6,1,6,358,48.3,173,55,13,1,Yes,1,7.3,1.0,1,-0.46450695327387126,-1.214696272215052
1064,1971,Postgraduate,Married,42403.0,1,0,2013-11-12,22,1,0,3,42,52.4,22,43,4,1,Yes,1,13.6,2.0,1,-1.2902660040412484,-0.6313130332816178
48,1964,Graduate,Together,55761.0,0,1,2014-04-24,136,4,1,3,184,73.9,136,50,8,1,Yes,1,8.2,1.0,1,-0.4575913362979497,-1.6577986611897928
7610,1983,Graduate,Together,37292.0,1,0,2013-04-18,275,6,3,5,460,59.8,275,31,14,1,Yes,1,20.4,1.0,0,0.3399263892949588,0.11123014553767183
263,1945,Postgraduate,Single,45576.0,0,0,2014-05-28,56,3,1,3,145,38.6,56,69,7,0,No,0,7.1,2.0,1,-1.3827140488727114,-1.101373107631053
10814,1947,Graduate,Together,70321.0,0,0,2013-01-16,303,6,5,13,1376,22.0,303,67,24,0,No,0,23.5,1.0,0,0.6035360828665618,1.3180310239809363
9710,1969,Postgraduate,Divorced,58086.0,0,1,2013-01-20,708,11,3,7,792,89.4,708,45,21,1,Yes,1,23.3,2.0,0,2.387454071193105,-0.08631627223326618
9292,1952,Graduate,Married,81795.0,0,0,2012-10-26,324,4,11,7,1382,23.4,324,62,22,0,No,0,26.1,1.0,0,0.5625476937450463,1.5757448769428815
10250,1947,Undergraduate,Together,28389.0,0,0,2012-11-20,1,1,0,2,28,3.6,1,67,3,0,No,0,25.3,0.0,1,-2.0531840586530268,1.697672294299192
7881,1946,Postgraduate,Married,66835.0,0,0,2013-09-28,620,6,4,13,1033,60.0,620,68,23,0,No,0,15.1,2.0,0,1.6435307094902287,-0.45303113926348887
5847,1969,Graduate,Divorced,69901.0,0,1,2013-05-29,312,7,3,10,882,35.4,312,45,20,1,Yes,1,19.1,1.0,0,0.4304745505413705,0.49387884491674494
737,1949,Postgraduate,Married,80360.0,0,0,2013-03-03,1493,4,4,5,2231,66.9,1257,65,13,0,No,0,21.9,2.0,0,2.3160022117515,0.06361009647800309
3571,1961,Postgraduate,Together,63342.0,0,1,2012-10-16,918,8,3,5,1101,83.4,918,53,16,1,Yes,1,26.5,2.0,0,2.333040881491313,0.3416032269588845
7807,1974,Graduate,Married,44989.0,0,1,2012-12-09,98,5,1,5,369,26.6,98,40,11,1,Yes,1,24.7,1.0,1,-0.7745884864330029,1.2517440598159597
5092,1949,Postgraduate,Widow,51569.0,0,1,2013-12-02,380,7,1,7,467,81.4,380,65,15,1,Yes,1,12.9,2.0,0,0.8544685097311348,-1.1956561614173147
2154,1971,Graduate,Widow,30372.0,1,1,2012-12-25,15,2,0,3,44,34.1,15,43,5,2,Yes,1,24.2,1.0,1,-1.3124263988278384,0.9904957832108543
5394,1979,Undergraduate,Single,16014.0,1,1,2013-03-17,3,1,1,4,38,7.9,3,35,6,2,Yes,1,21.5,0.0,1,-1.805013549136693,1.195133595648629
3798,1968,Graduate,Married,41120.0,1,1,2013-06-11,24,2,1,3,81,29.6,24,46,6,2,Yes,1,18.7,1.0,1,-1.4242977155308045,0.4380210143375416
3524,1971,Postgraduate,Single,39763.0,1,0,2013-04-08,80,5,1,2,167,47.9,80,43,8,1,Yes,1,20.8,2.0,1,-0.7556439864036741,0.34452925488726904
5247,1955,Postgraduate,Married,38725.0,1,1,2014-10-05,31,1,0,4,45,68.9,31,59,5,2,Yes,1,2.9,2.0,1,-1.13145952014102,-2.209275167019738
5883,1972,Graduate,Married,77981.0,1,0,2013-05-26,138,7,4,7,664,20.8,138,42,18,1,Yes,1,19.2,1.0,1,-0.34455338699313753,0.7841331316583653
6616,1975,Graduate,Together,59481.0,0,1,2013-10-23,178,3,3,8,461,38.6,178,39,14,1,Yes,1,14.3,1.0,1,-0.38729337113040013,-0.1875897056333268
2797,1977,Graduate,Married,72117.0,0,1,2013-08-20,707,9,7,9,1073,65.9,707,37,25,1,Yes,1,16.4,1.0,0,2.121023698222106,-0.4008912821899594
9167,1956,Graduate,Married,67131.0,0,1,2013-03-26,465,9,2,12,976,47.6,465,58,23,1,Yes,1,21.2,1.0,0,1.2562985349419686,0.522547143219619
10560,1980,Postgraduate,Single,36802.0,1,0,2014-06-16,16,1,0,3,20,80.0,16,34,4,1,Yes,1,6.5,2.0,1,-0.952332091460542,-2.0100421246519953
2631,1982,Graduate,Together,71853.0,0,0,2013-08-05,358,2,8,6,1149,31.2,358,32,16,0,No,0,16.9,1.0,0,0.05108020223315733,0.2712352502070784
8312,1961,Undergraduate,Married,28249.0,0,0,2014-06-15,1,2,0,3,43,2.3,1,53,5,0,No,0,6.5,0.0,1,-2.351029401771106,-0.47851392898684975
5534,1975,Postgraduate,Married,47808.0,0,1,2013-10-20,123,3,2,3,224,54.9,123,39,8,1,Yes,1,14.4,2.0,1,-0.6923596482186469,-0.5522319479220326
5093,1974,Postgraduate,Divorced,25509.0,1,0,2012-09-18,40,3,0,3,101,39.6,40,40,6,1,Yes,1,27.4,2.0,1,-1.0016051104803334,1.2695247827175
7592,1946,Postgraduate,Married,51012.0,0,0,2013-04-18,102,4,1,4,209,48.8,102,68,9,0,No,0,20.4,2.0,1,-0.6214008397956486,0.2882481279299608
8895,1985,Graduate,Single,70596.0,0,0,2012-05-10,347,3,5,12,968,35.8,347,29,20,0,No,0,31.7,1.0,0,0.8018733442712083,1.9727187893709244
8584,1952,Postgraduate,Together,85431.0,0,0,2013-08-06,376,2,7,7,1165,32.3,376,62,16,0,No,0,16.8,2.0,0,0.10400060294749262,0.23650729321522446
2694,1967,Graduate,Married,42664.0,0,1,2014-03-18,21,1,0,3,24,87.5,21,47,4,1,Yes,1,9.5,1.0,1,-0.7317419460225281,-1.8025418698203697
8910,1955,Graduate,Together,42586.0,1,1,2012-10-29,194,4,1,6,252,77.0,194,59,11,2,Yes,1,26.1,1.0,0,0.3866152836780895,0.42383640318202975
7433,1985,Graduate,Single,29760.0,1,0,2012-08-29,64,3,1,4,165,38.8,64,29,8,1,Yes,1,28.1,1.0,1,-0.7850259329174955,1.3866745482719145
164,1977,Postgraduate,Married,28973.0,0,0,2012-10-13,206,5,1,5,269,76.6,206,37,11,0,No,0,26.6,2.0,0,0.4140176288992287,0.4898381483523922
10477,1973,Postgraduate,Together,39435.0,1,0,2013-06-08,71,3,1,2,102,69.6,71,41,6,1,Yes,1,18.8,2.0,1,-0.5827481620905132,-0.3363145435930829
5150,1979,Undergraduate,Single,20194.0,1,0,2012-12-17,0,2,0,3,47,0.0,0,35,5,1,Yes,1,24.4,0.0,1,-1.9748305432392073,1.6824014342005071
5283,1976,Postgraduate,Single,42473.0,1,1,2014-02-17,93,2,1,4,144,64.6,93,38,7,2,Yes,1,10.4,2.0,1,-0.7471608386909534,-1.2228002536641056
9645,1968,Graduate,Married,64590.0,0,0,2012-10-14,920,9,4,10,1338,68.8,920,46,23,0,No,0,26.5,1.0,0,2.6545621802511423,0.6991987266657426
10678,1959,Graduate,Together,71232.0,0,1,2013-11-28,653,11,2,10,917,71.2,653,55,23,1,Yes,1,13.1,1.0,0,1.8696791976362566,-0.9110916639215724
7261,1971,Graduate,Together,34600.0,1,1,2013-01-01,199,5,2,5,318,62.6,199,43,12,2,Yes,1,23.9,1.0,1,0.15939687644653905,0.4554182329265599
9648,1967,Graduate,Single,46904.0,1,1,2012-03-11,153,5,1,4,253,60.5,153,47,10,2,Yes,1,33.7,1.0,1,0.09320429927427297,1.637835209683836
2870,1973,Graduate,Married,49094.0,0,1,2012-09-21,376,6,3,6,502,74.9,376,41,15,1,Yes,1,27.3,1.0,0,1.0639284171848475,0.6339441081987713
8008,1983,Graduate,Together,36075.0,1,0,2013-09-12,46,2,0,4,119,38.7,46,31,6,1,Yes,1,15.6,1.0,1,-1.2845312818846362,-0.10813223377160885
6173,1979,Graduate,Together,77298.0,0,1,2013-02-11,425,6,6,11,969,43.9,425,35,23,1,Yes,1,22.6,1.0,0,1.1429111800506526,0.7635006398432277
1419,1950,Graduate,Together,34026.0,1,1,2013-05-08,18,2,1,3,76,23.7,18,64,6,2,Yes,1,19.8,1.0,1,-1.5204002142710946,0.6839309572418794
9150,1963,Postgraduate,Single,48918.0,1,1,2014-12-04,52,1,0,4,62,83.9,52,51,5,2,Yes,1,0.9,2.0,1,-0.8573154621635746,-2.7407508828207385
1250,1976,Graduate,Single,37697.0,1,0,2014-07-02,34,2,1,3,84,40.5,34,38,6,1,Yes,1,6.0,1.0,1,-1.4998470101389894,-1.2771744539472076
9905,1952,Graduate,Together,34074.0,1,1,2013-07-13,135,3,3,3,255,52.9,135,62,9,2,Yes,1,17.6,1.0,1,-0.5469570560897916,-0.12547581651224554
10691,1960,Postgraduate,Married,28520.0,1,1,2013-06-14,11,1,1,2,43,25.6,11,54,4,2,Yes,1,18.6,2.0,1,-1.6953976580115682,0.48484894429666753
7002,1955,Graduate,Single,62535.0,0,1,2013-03-10,163,3,2,8,398,41.0,163,59,13,1,Yes,1,21.7,1.0,1,-0.2815816157004828,0.6310172933846554
2952,1977,Postgraduate,Single,36273.0,1,0,2014-04-16,29,3,0,3,76,38.2,29,37,6,1,Yes,1,8.5,2.0,1,-1.4937052101589745,-0.936284574449681
8439,1964,Graduate,Together,63404.0,0,2,2014-06-06,734,6,3,4,902,81.4,734,50,13,2,Yes,1,6.8,1.0,0,1.2242666048586799,-1.9646018723557281
2831,1976,Graduate,Together,78416.0,0,1,2014-06-27,453,7,7,10,1179,38.4,453,38,24,1,Yes,1,6.1,1.0,0,0.7901164942682463,-1.0711144480605548
6977,1974,Graduate,Together,75702.0,0,1,2012-10-14,1073,10,5,13,1921,55.9,1073,40,28,1,Yes,1,26.5,1.0,0,3.130044423258285,0.9912856558310311
6289,1951,Postgraduate,Together,59385.0,1,1,2013-04-28,135,3,1,4,185,73.0,135,63,8,2,Yes,1,20.1,2.0,1,-0.1963654686216989,-0.2334929180445141
4168,1966,Graduate,Single,37070.0,1,1,2013-03-20,231,5,1,8,433,53.3,231,48,14,2,Yes,1,21.4,1.0,0,0.15701543386392472,0.3599879033586629
8397,1951,Graduate,Married,44689.0,1,1,2014-10-01,18,1,1,2,34,52.9,18,63,4,2,Yes,1,3.0,1.0,1,-1.5380252570309942,-1.8937433558708334
9284,1958,Graduate,Together,53977.0,0,1,2013-08-06,620,5,5,12,907,68.4,620,56,22,1,Yes,1,16.8,1.0,0,1.7563254324952795,-0.4267205120045591
6237,1966,Postgraduate,Single,7144.0,0,2,2013-07-12,81,23,1,1,416,19.5,81,48,25,2,Yes,1,17.6,2.0,0,0.0745466946013238,0.6969607339082711
3130,1964,Graduate,Single,18701.0,1,1,2013-04-06,12,2,0,4,44,27.3,12,50,6,2,Yes,1,20.8,1.0,1,-1.4410566027538898,0.7321692648849079
1619,1956,Graduate,Married,90369.0,0,0,2014-04-28,292,4,6,6,1588,18.4,292,58,16,0,No,0,8.1,1.0,1,-0.5227194114456026,-0.5134561353878543
1990,1974,Postgraduate,Single,63159.0,0,0,2012-05-11,965,3,5,8,1797,53.7,965,40,16,0,No,0,31.7,2.0,0,1.9901057634269685,1.5336670610412593
5513,1966,Graduate,Together,37758.0,1,1,2012-04-10,27,1,0,3,40,67.5,27,48,4,2,Yes,1,32.7,1.0,1,-0.5486171815478808,1.330582569245441
269,1963,Postgraduate,Single,46757.0,0,1,2012-11-16,777,4,4,7,1143,68.0,777,51,15,1,Yes,1,25.5,2.0,0,1.6651660488304914,0.5252433213529134
8093,1969,Postgraduate,Married,79734.0,0,0,2014-06-28,572,4,3,6,914,62.6,572,45,13,0,No,0,6.1,2.0,0,0.5437667304452377,-1.6670625527905916
10513,1992,Graduate,Together,63207.0,0,0,2013-01-20,438,2,3,6,1502,29.2,438,22,11,0,No,0,23.3,1.0,1,-0.10368737164286664,1.0091771132385976
10177,1954,Graduate,Divorced,72071.0,0,1,2013-02-14,531,5,4,8,1338,39.7,531,60,17,1,Yes,1,22.5,1.0,0,0.759715033513695,0.7638504583138737
2549,1983,Postgraduate,Together,21840.0,1,0,2013-07-21,17,1,0,3,27,63.0,17,31,4,1,Yes,1,17.3,2.0,1,-1.0144568517376162,-0.40094543373714003
10057,1951,Graduate,Single,72282.0,0,0,2013-07-19,503,5,7,9,1331,37.8,503,63,21,0,No,0,17.4,1.0,0,0.8878668932914007,0.24155659531789853
10307,1956,Graduate,Married,50387.0,0,2,2013-08-31,369,6,2,8,525,70.3,369,58,16,2,Yes,1,16.0,1.0,0,0.7828843567743722,-0.6009208767801726
8566,1961,Postgraduate,Together,32583.0,1,1,2014-06-15,5,1,0,2,9,55.6,5,53,3,2,Yes,1,6.5,2.0,1,-1.5146085079333829,-1.542153221530316
2415,1962,Graduate,Together,62568.0,0,1,2014-07-04,362,5,3,5,953,38.0,362,52,13,1,Yes,1,5.9,1.0,1,-0.32601571145042413,-1.193253090457101
5684,1971,Postgraduate,Divorced,44635.0,1,1,2013-11-10,56,2,0,3,68,82.4,56,43,5,2,Yes,1,13.7,2.0,1,-0.5765077468480179,-1.1987095635407339
8334,1971,Postgraduate,Single,33316.0,1,1,2013-04-10,79,2,1,4,131,60.3,79,43,7,2,Yes,1,20.7,2.0,1,-0.6122660047183587,0.07989751683163651
9166,1968,Graduate,Married,63967.0,0,1,2013-09-08,387,4,4,12,882,43.9,387,46,20,1,Yes,1,15.7,1.0,0,0.6540840037955307,-0.0800843205691668
78,1969,Graduate,Married,25293.0,1,0,2013-09-15,15,1,1,2,37,40.5,15,45,4,1,Yes,1,15.5,1.0,1,-1.4817663009221238,-0.1733834198437128
5441,1965,Postgraduate,Widow,54111.0,0,1,2013-08-25,267,5,2,6,388,68.8,267,49,13,1,Yes,1,16.2,2.0,0,0.309712460670356,-0.570980980618826
5302,1986,Graduate,Together,78394.0,0,0,2013-02-15,298,4,6,5,1428,20.9,298,28,15,0,No,0,22.5,1.0,1,-0.20996490486188718,1.1289997304496622
4687,1958,Postgraduate,Married,80739.0,0,0,2013-05-23,674,3,11,9,1633,41.3,674,56,23,0,No,0,19.3,2.0,0,1.4964280129316765,0.40509319667359117
1087,1975,Postgraduate,Together,22669.0,1,0,2013-05-22,16,4,1,2,173,9.2,16,39,7,1,Yes,1,19.3,2.0,1,-1.7229796439912857,0.9189548407152432
6859,1987,Graduate,Single,29236.0,1,0,2013-08-10,37,4,0,3,99,37.4,37,27,7,1,Yes,1,16.7,1.0,1,-1.2159060133822968,0.05832155412879645
9860,1959,Graduate,Together,44911.0,0,1,2013-03-15,159,4,1,4,215,74.0,159,55,9,1,Yes,1,21.6,1.0,1,-0.011691344889930053,-0.06729794175966948
7129,1962,Postgraduate,Married,54693.0,0,1,2013-02-17,686,6,4,13,929,73.8,686,52,23,1,Yes,1,22.4,2.0,0,2.2007522719800474,0.13479170076136793
5866,1974,Graduate,Together,48186.0,1,0,2014-03-20,97,4,1,4,219,44.3,97,40,9,1,Yes,1,9.4,1.0,1,-0.974077194484834,-0.9235700192154574
10521,1977,Graduate,Married,54809.0,1,1,2013-11-09,63,2,1,5,174,36.2,63,37,8,2,Yes,1,13.7,1.0,1,-1.1744336086467424,-0.2645142023030643
7393,1978,Graduate,Together,41580.0,1,1,2012-10-12,56,2,1,3,92,60.9,56,36,6,2,Yes,1,26.6,1.0,1,-0.5909522510510704,0.7570300730831887
7849,1970,Postgraduate,Married,80336.0,0,0,2013-09-09,209,2,9,13,1052,19.9,209,44,24,0,No,0,15.7,2.0,0,0.19956738365747168,0.44437498984454504
332,1957,Graduate,Married,47743.0,0,1,2013-03-22,198,4,1,6,275,72.0,198,57,11,1,Yes,1,21.3,1.0,1,0.18780490032998193,-0.0460323796259742
531,1954,Postgraduate,Divorced,57333.0,0,1,2012-09-22,941,8,5,9,1662,56.6,941,60,22,1,Yes,1,27.3,2.0,0,2.401104580048113,1.020510726685106
9576,1982,Postgraduate,Together,32313.0,1,0,2013-11-02,86,4,0,4,159,54.1,86,32,8,1,Yes,1,13.9,2.0,1,-0.790395902423284,-0.5928299852535408
6906,1953,Postgraduate,Widow,84953.0,0,0,2013-03-06,167,3,10,4,1024,16.3,167,61,17,0,No,0,21.8,2.0,1,-0.39613168473063726,1.1669571952300308
7419,1968,Postgraduate,Divorced,27071.0,1,0,2014-04-23,8,2,0,3,35,22.9,8,46,5,1,Yes,1,8.3,2.0,1,-1.9096447408874955,-0.6692912370673546
3170,1957,Postgraduate,Together,68148.0,0,0,2013-08-31,389,4,4,6,1042,37.3,389,57,14,0,No,0,16.0,2.0,1,0.0349735199981966,0.0225182672586436
8527,1965,Postgraduate,Together,65735.0,1,1,2013-07-12,239,6,2,6,395,60.5,239,49,14,2,Yes,1,17.6,2.0,0,0.21777360375375043,-0.2306579954704648
7872,1975,Postgraduate,Married,86836.0,0,0,2012-12-09,179,6,10,6,557,32.1,179,39,22,0,No,0,24.7,2.0,0,0.4130178571840122,1.2512403091473454
9931,1963,Postgraduate,Married,4023.0,1,1,2014-06-23,5,0,0,0,9,55.6,5,51,0,2,Yes,1,6.3,2.0,1,-1.7725641918127437,-1.596704910391512
10595,1990,Graduate,Married,30093.0,0,0,2013-08-07,2,2,0,3,69,2.9,2,24,5,0,No,0,16.8,1.0,1,-2.095522650909369,0.727167051361049
4609,1966,Postgraduate,Married,57705.0,0,1,2014-11-01,383,8,1,6,486,78.8,383,48,15,1,Yes,1,2.0,2.0,0,0.5551209032269886,-2.4334410973545832
5010,1988,Graduate,Single,25008.0,1,0,2014-02-02,2,1,0,3,34,5.9,2,26,4,1,Yes,1,10.9,1.0,1,-2.262614244125255,-0.039227150437602595
11148,1975,Graduate,Together,22280.0,1,0,2013-05-19,2,1,0,2,13,15.4,2,39,3,1,Yes,1,19.4,1.0,1,-1.9692339858472563,0.7693476652228503
1168,1978,Postgraduate,Married,72159.0,0,0,2012-10-29,322,4,6,10,1401,23.0,322,36,20,0,No,0,26.1,2.0,0,0.38237417743942637,1.5631170889992332
9595,1961,Graduate,Together,64260.0,0,0,2013-11-01,539,4,5,4,1574,34.2,539,53,13,0,No,0,14.0,1.0,0,0.13453046328656146,-0.17511272618747042
10163,1984,Postgraduate,Single,82733.0,0,0,2013-10-09,712,8,4,7,1323,53.8,712,30,19,0,No,0,14.7,2.0,0,1.3576996287582077,-0.4273289158615628
2886,1971,Postgraduate,Divorced,74290.0,0,1,2013-12-08,1121,10,8,10,1217,92.1,1121,43,28,1,Yes,1,12.7,2.0,0,3.5753460627693916,-1.351815170554733
6710,1951,Postgraduate,Single,58217.0,2,1,2012-11-17,68,2,0,4,103,66.0,68,63,6,3,Yes,1,25.4,2.0,1,-0.5006131974455417,0.5144877531048043
5316,1976,Postgraduate,Together,21024.0,0,0,2013-04-07,36,2,0,4,84,42.9,36,38,6,0,No,0,20.8,2.0,1,-1.1028438049100704,0.4251312456604243
9029,1972,Postgraduate,Married,70116.0,0,0,2013-01-26,707,2,8,12,1536,46.0,707,42,22,0,No,0,23.1,2.0,0,1.6529770393010204,0.7494707240499808
521,1985,Graduate,Together,54006.0,1,0,2012-09-18,174,8,1,7,581,29.9,174,29,16,1,Yes,1,27.4,1.0,1,-0.08076264663837113,1.5519925825662355
1459,1966,Postgraduate,Married,69063.0,0,1,2012-07-11,666,5,3,5,928,71.8,666,48,13,1,Yes,1,29.7,2.0,0,1.4523775155988474,0.9353094251452017
1630,1979,Graduate,Single,61825.0,0,1,2013-07-08,162,4,2,8,424,38.2,162,35,14,1,Yes,1,17.8,1.0,1,-0.34325964439366097,0.23518163110107912
3254,1971,Graduate,Married,70886.0,1,0,2013-10-14,407,5,4,4,960,42.4,407,43,13,1,Yes,1,14.6,1.0,1,0.04775214478614014,-0.2544310773357249
9064,1982,Graduate,Married,69109.0,0,0,2012-09-11,823,6,6,7,1555,52.9,823,32,19,0,No,0,27.6,1.0,0,1.8582790343424949,1.106543981840782
3678,1973,Graduate,Widow,60208.0,1,1,2012-07-10,488,8,3,7,656,74.4,488,41,18,2,Yes,1,29.7,1.0,0,1.5801147860118454,0.9496888001225304
4227,1968,Postgraduate,Together,32889.0,1,1,2013-06-09,28,2,1,3,55,50.9,28,46,6,2,Yes,1,18.7,2.0,1,-1.0179455697102349,0.02101442888161094
9467,1984,Graduate,Single,34738.0,1,0,2014-11-05,3,1,0,3,20,15.0,3,30,4,1,Yes,1,1.8,1.0,1,-2.3044898341697784,-1.2929820930821234
8486,1971,Postgraduate,Together,30538.0,1,0,2012-01-10,284,9,0,4,367,77.4,284,43,13,1,Yes,1,35.7,2.0,0,0.9622450220430555,1.5644321052466368
3286,1967,Postgraduate,Divorced,26642.0,1,0,2014-01-03,13,2,0,3,42,31.0,13,47,5,1,Yes,1,11.9,2.0,1,-1.6637076880124115,-0.4026068571762471
8602,1964,Graduate,Divorced,69932.0,0,1,2013-12-06,412,7,6,11,1049,39.3,412,50,24,1,Yes,1,12.8,1.0,0,0.8855988374794831,-0.2935964312854053
3722,1972,Graduate,Single,44503.0,1,1,2014-04-16,31,2,0,3,48,64.6,31,42,5,2,Yes,1,8.5,1.0,1,-1.0801736849804864,-1.463213397429277
6715,1948,Postgraduate,Single,60200.0,0,1,2013-02-01,502,6,2,11,685,73.3,502,66,19,1,Yes,1,22.9,2.0,0,1.5109239155068555,0.17664873118751062
4796,1952,Graduate,Divorced,49638.0,0,1,2014-04-19,18,1,0,3,39,46.2,18,62,4,1,Yes,1,8.4,1.0,1,-1.5363629023314365,-1.1243703829960605
3766,1959,Postgraduate,Widow,33051.0,0,0,2012-08-16,100,9,1,8,835,12.0,100,55,18,0,No,0,28.5,2.0,1,-0.3636563843587384,2.058512865606688
1399,1958,Graduate,Married,72905.0,0,0,2014-01-21,407,3,7,9,1515,26.9,407,56,19,0,No,0,11.3,1.0,0,0.18651247720396905,-0.2794496114246048
1570,1951,Postgraduate,Together,69702.0,0,1,2013-02-19,664,7,7,10,1039,63.9,664,63,24,1,Yes,1,22.3,2.0,0,2.0551365980857463,0.32864804112909507
3426,1975,Graduate,Divorced,70300.0,1,0,2013-07-15,1045,5,5,13,1596,65.5,1045,39,23,1,Yes,1,17.5,1.0,0,2.6219134075241297,-0.309712700470198
3074,1984,Postgraduate,Married,70643.0,0,0,2012-10-15,1218,5,8,4,1828,66.6,1218,30,17,0,No,0,26.5,2.0,0,2.6811349734700043,0.657437142598334
8341,1969,Postgraduate,Married,30396.0,1,0,2014-04-30,15,1,1,2,34,44.1,15,45,4,1,Yes,1,8.0,2.0,1,-1.5908585186129207,-1.1303375372581255
5180,1968,Postgraduate,Divorced,50616.0,0,1,2014-04-18,128,4,0,4,149,85.9,128,46,8,1,Yes,1,8.4,2.0,1,-0.24371328808813914,-1.8683005969604556
6461,1969,Postgraduate,Single,62772.0,0,1,2013-05-19,581,5,6,11,946,61.4,581,45,22,1,Yes,1,19.4,2.0,0,1.61133830453657,0.020558943755016424
7679,1985,Postgraduate,Single,30298.0,0,0,2014-05-19,6,1,1,3,28,21.4,6,29,5,0,No,0,7.4,2.0,1,-1.9627485209903734,-0.7461752282725215
10702,1984,Graduate,Single,52413.0,1,0,2012-03-11,185,7,1,7,450,41.1,185,30,15,1,Yes,1,33.7,1.0,0,0.21386716742393264,2.066413883661814
7505,1957,Postgraduate,Married,44155.0,1,1,2014-01-19,22,1,1,2,46,47.8,22,57,4,2,Yes,1,11.4,2.0,1,-1.4281223133514243,-0.8013695882285371
5113,1971,Postgraduate,Divorced,86979.0,0,0,2013-07-11,584,5,5,5,1702,34.3,584,43,15,0,No,0,17.7,2.0,0,0.47900830650456583,0.277421265247565
10858,1975,Graduate,Together,76532.0,1,1,2013-09-09,355,9,5,7,820,43.3,355,39,21,2,Yes,1,15.7,1.0,0,0.6656071006679347,-0.05557515409419695
2961,1982,Graduate,Married,42081.0,1,0,2013-02-26,175,6,3,4,382,45.8,175,32,13,1,Yes,1,22.1,1.0,1,-0.15921061415627166,0.5834695639184657
2747,1988,Postgraduate,Married,67546.0,0,0,2012-08-31,864,4,10,5,2126,40.6,864,26,19,0,No,0,28.0,2.0,0,1.7164948870156214,1.3912923685543133
3010,1989,Postgraduate,Together,88420.0,0,0,2014-02-05,957,4,7,8,2069,46.3,957,25,19,0,No,0,10.8,2.0,0,1.5976840867269857,-0.7604898825000688
5790,1985,Graduate,Married,31158.0,1,0,2013-01-27,25,2,0,3,72,34.7,25,29,5,1,Yes,1,23.1,1.0,1,-1.307809027442712,0.8479628531339667
6892,1968,Graduate,Divorced,61671.0,0,1,2014-03-06,641,10,4,6,732,87.6,641,46,20,1,Yes,1,9.9,1.0,0,1.8249492630022646,-1.6401665426524474
1743,1974,Graduate,Single,69719.0,0,0,2014-05-26,273,2,3,5,801,34.1,273,40,10,0,No,0,7.2,1.0,1,-0.7931721376109264,-0.9873398720691489
3578,1949,Graduate,Divorced,49160.0,0,1,2013-10-20,122,3,1,6,236,51.7,122,65,10,1,Yes,1,14.4,1.0,1,-0.5853436151299688,-0.4689449738472198
8462,1978,Undergraduate,Together,24882.0,1,0,2012-09-09,1,1,1,2,80,1.2,1,36,4,1,Yes,1,27.7,0.0,1,-1.9572151089445928,2.0386162645931494
5558,1954,Postgraduate,Single,90933.0,0,0,2014-03-31,1020,4,6,4,1685,60.5,1020,60,14,0,No,0,9.0,2.0,0,1.5204124821899168,-1.3074312078224968
4619,1945,Postgraduate,Single,113734.0,0,0,2014-05-28,6,27,0,0,277,2.2,6,69,27,0,No,0,7.1,2.0,1,-0.47198287602403155,-0.17934046728275718
8780,1950,Postgraduate,Together,59292.0,0,1,2013-06-13,378,3,5,8,507,74.6,378,64,16,1,Yes,1,18.6,2.0,0,0.9418806539695763,-0.3784079254154558
10789,1964,Postgraduate,Married,45759.0,1,1,2013-02-23,42,2,0,3,68,61.8,42,50,5,2,Yes,1,22.2,2.0,1,-0.7890310961282931,0.21010358272050986
10779,1983,Graduate,Single,22148.0,0,0,2014-04-13,15,1,0,3,49,30.6,15,31,4,0,No,0,8.6,1.0,1,-1.8294027973329123,-0.7953109785221145
5896,1987,Postgraduate,Married,73395.0,0,0,2014-03-18,272,4,4,6,397,68.5,272,27,14,0,No,0,9.5,2.0,0,0.24050402514456298,-1.3471573417554077
2337,1971,Graduate,Divorced,29819.0,1,0,2013-10-24,9,3,0,3,39,23.1,9,43,6,1,Yes,1,14.2,1.0,1,-1.6807359460096416,0.03442331635047868
10951,1968,Graduate,Married,45688.0,0,1,2014-01-25,279,3,1,8,306,91.2,279,46,12,1,Yes,1,11.2,1.0,0,0.5500054780199685,-1.611445241343961
544,1954,Graduate,Married,62820.0,0,0,2013-11-05,398,3,4,6,976,40.8,398,60,13,0,No,0,13.8,1.0,1,-0.018359311832509016,-0.3169986173736879
17,1971,Postgraduate,Married,60491.0,0,1,2013-06-09,637,6,11,7,1028,62.0,637,43,24,1,Yes,1,18.7,2.0,0,1.8828427298977826,-0.057632331094806324
10680,1986,Graduate,Together,33235.0,1,0,2014-05-02,45,3,0,3,70,64.3,45,28,6,1,Yes,1,8.0,1.0,1,-0.9861583056844546,-1.5072220408127182
3265,1959,Graduate,Married,35701.0,0,0,2013-03-19,21,1,0,3,46,45.7,21,55,4,0,No,0,21.4,1.0,1,-1.234060671686183,0.4218254536770631
5623,1980,Postgraduate,Married,31535.0,1,0,2013-09-26,15,1,1,2,51,29.4,15,34,4,1,Yes,1,15.1,2.0,1,-1.6989220897014872,-0.003512266313235947
5544,1970,Graduate,Single,67384.0,0,1,2012-10-11,957,7,8,5,1490,64.2,957,44,20,1,Yes,1,26.6,1.0,0,2.388872209230961,0.7672461579260106
6417,1971,Postgraduate,Together,80573.0,0,0,2012-10-14,829,4,6,13,1564,53.0,829,43,23,0,No,0,26.5,2.0,0,2.1834970182074143,1.0153157907020138
5831,1967,Graduate,Married,77870.0,0,1,2012-08-22,1017,5,5,5,1815,56.0,1017,47,15,1,Yes,1,28.3,1.0,0,1.968940262285216,1.0724661859070177
7101,1963,Postgraduate,Widow,52278.0,0,1,2013-01-25,953,10,5,10,1198,79.5,953,51,25,1,Yes,1,23.2,2.0,0,3.0095981532700256,0.11786262220460389
10176,1968,Graduate,Single,57107.0,0,1,2012-08-24,159,4,4,8,416,38.2,159,46,16,1,Yes,1,28.2,1.0,1,0.06449583137776913,1.4853367041700587
2326,1990,Graduate,Married,18929.0,0,0,2013-02-16,32,1,0,4,85,37.6,32,24,5,0,No,0,22.4,1.0,1,-1.2565149226949324,0.7079470801342168
4385,1981,Postgraduate,Single,36038.0,1,0,2013-05-31,23,3,0,3,47,48.9,23,33,6,1,Yes,1,19.0,2.0,1,-1.0579532129290765,0.09598761690633212
2929,1976,Graduate,Single,20180.0,0,0,2013-02-20,18,2,1,4,137,13.1,18,38,7,0,No,0,22.3,1.0,1,-1.575546981770214,1.1971142816780336
10686,1965,Postgraduate,Together,34230.0,1,1,2012-12-26,15,1,0,2,21,71.4,15,49,3,2,Yes,1,24.1,2.0,1,-0.7855174257914634,0.22835727216991206
3138,1956,Graduate,Single,91249.0,0,0,2012-10-20,1324,7,9,6,1676,79.0,1257,58,22,0,No,0,26.3,1.0,0,3.405739878938091,0.4397226218060305
4994,1943,Postgraduate,Single,77598.0,0,0,2013-01-10,1193,7,5,13,1735,68.8,1193,71,25,0,No,0,23.7,2.0,0,3.2835856946106916,0.3677851519572526
7966,1959,Graduate,Single,80982.0,1,1,2013-08-01,505,11,5,11,1191,42.4,505,55,27,2,Yes,1,17.0,1.0,0,1.4749011008298045,0.16595180270122734
3112,1977,Postgraduate,Married,22701.0,1,0,2013-05-09,2,1,0,3,24,8.3,2,37,4,1,Yes,1,19.7,2.0,1,-2.0106399982684517,0.9540117600468454
10872,1969,Postgraduate,Married,55212.0,0,1,2012-11-23,1103,4,2,11,1182,93.3,1103,45,17,1,Yes,1,25.2,2.0,0,2.9286505196481993,-0.009699659314882007
2181,1970,Graduate,Married,70617.0,0,0,2013-06-23,353,3,3,7,1280,27.6,353,44,13,0,No,0,18.3,1.0,1,-0.24624031760639123,0.47662257052160456
1867,1957,Graduate,Single,64849.0,0,0,2012-11-13,652,9,3,6,1336,48.8,652,57,18,0,No,0,25.6,1.0,0,1.3205522040239501,0.9532286690731144
1518,1965,Postgraduate,Married,62694.0,1,1,2013-06-17,379,9,3,7,749,50.6,379,49,19,2,Yes,1,18.5,2.0,0,0.7455281065281884,0.11012463876912605
5734,1974,Postgraduate,Married,61917.0,1,1,2013-11-20,46,2,0,4,91,50.5,46,40,6,2,Yes,1,13.3,2.0,1,-1.11780324090301,-0.6108471468428193
2878,1947,Postgraduate,Married,67472.0,0,1,2013-09-28,162,4,2,7,414,39.1,162,67,13,1,Yes,1,15.1,2.0,1,-0.4743608721744226,-0.11187844992036194
1458,1982,Postgraduate,Married,21059.0,1,0,2014-07-01,8,3,0,3,44,18.2,8,32,6,1,Yes,1,6.0,2.0,1,-1.9673089173951934,-0.8389081500105238
7007,1968,Postgraduate,Married,29543.0,2,0,2014-01-04,17,3,1,2,63,27.0,17,46,6,2,Yes,1,11.9,2.0,1,-1.6464458049423105,-0.3143584626209125
6200,1951,Graduate,Married,75903.0,0,1,2013-08-04,340,6,6,9,901,37.7,340,63,21,1,Yes,1,16.9,1.0,0,0.5601291934260947,0.19698014319285254
4827,1956,Postgraduate,Single,54998.0,0,1,2013-10-03,154,4,2,9,455,33.8,154,58,15,1,Yes,1,14.9,2.0,1,-0.4248426371545903,-0.010609488821554491
6250,1949,Postgraduate,Widow,54356.0,0,1,2012-11-19,710,11,2,8,775,91.6,710,65,21,1,Yes,1,25.4,2.0,0,2.4818938226893765,0.11871761567513932
9291,1959,Postgraduate,Married,34242.0,0,1,2014-03-23,8,0,0,3,15,53.3,8,55,3,1,Yes,1,9.3,2.0,1,-1.4859919332417755,-1.1664191734841947
2478,1973,Graduate,Married,25410.0,1,0,2013-08-31,2,1,0,4,38,5.3,2,41,5,1,Yes,1,16.0,1.0,1,-2.0694283292153495,0.5856523464757185
1139,1984,Postgraduate,Married,73356.0,0,0,2014-06-02,1050,5,11,5,1512,69.4,1050,30,21,0,No,0,7.0,2.0,0,2.288650201796206,-1.6481391875395452
5138,1950,Graduate,Together,28320.0,0,1,2013-01-14,19,1,0,3,43,44.2,19,64,4,1,Yes,1,23.5,1.0,1,-1.2165769754881914,0.6995519672749523
5393,1977,Graduate,Single,23763.0,1,0,2012-07-08,22,1,0,3,42,52.4,22,37,4,1,Yes,1,29.8,1.0,1,-0.9090936320165517,1.2835836926548831
10413,1984,Graduate,Married,72570.0,0,0,2014-04-25,274,4,6,12,1089,25.2,274,30,22,0,No,0,8.2,1.0,0,0.0787138190878016,-0.5714562173455451
5015,1976,Postgraduate,Married,34529.0,1,0,2012-09-14,68,2,2,3,162,42.0,68,38,7,1,Yes,1,27.5,2.0,1,-0.8159618337354597,1.242537805359096
10868,1951,Graduate,Widow,70792.0,0,0,2013-06-02,344,3,4,10,1272,27.0,344,63,17,0,No,0,19.0,1.0,0,0.07932412038818072,0.6130116411046113
10676,1982,Graduate,Married,63211.0,0,0,2012-02-11,145,3,8,7,1173,12.4,145,32,18,0,No,0,34.6,1.0,1,-0.1259270887622362,2.768258947239609
2495,1974,Postgraduate,Married,83891.0,0,1,2014-06-20,217,4,7,10,816,26.6,217,40,21,1,Yes,1,6.4,2.0,1,-0.1316925152776801,-0.8175195097469037
7842,1968,Graduate,Single,36065.0,1,1,2013-03-31,18,3,0,3,74,24.3,18,46,6,2,Yes,1,21.0,1.0,1,-1.4809358115738507,0.8140371832619727
9955,1954,Graduate,Together,39898.0,0,1,2013-12-02,69,3,0,4,134,51.5,69,60,7,1,Yes,1,12.9,1.0,1,-0.979761522213647,-0.6691617133584461
6663,1940,Postgraduate,Single,51141.0,0,0,2013-08-07,144,3,1,4,157,91.7,144,74,8,0,No,0,16.8,2.0,1,0.09331468409397134,-0.9900920477529004
2162,1976,Graduate,Married,56939.0,0,1,2013-09-18,256,3,3,10,561,45.6,256,38,16,1,Yes,1,15.4,1.0,0,0.08873801103903496,-0.1799161791922291
3434,1951,Graduate,Single,80872.0,0,0,2014-12-05,483,4,4,10,1336,36.2,483,63,18,0,No,0,0.9,1.0,0,0.17790075466849326,-1.7068686957409467
7919,1976,Postgraduate,Together,72335.0,0,0,2012-08-13,1285,10,4,8,2092,61.4,1257,38,22,0,No,0,28.6,2.0,0,3.1304608535798013,1.0559046352548205
5626,1964,Postgraduate,Single,61798.0,0,0,2013-11-23,338,4,2,9,463,73.0,338,50,15,0,No,0,13.2,2.0,0,0.6233813447067693,-0.9926248181797226
6428,1950,Postgraduate,Widow,76842.0,0,0,2014-03-05,605,1,8,7,1130,53.5,605,64,16,0,No,0,9.9,2.0,0,0.7797057462472599,-1.0114969283002475
8514,1976,Graduate,Together,29478.0,1,0,2014-01-17,8,1,0,3,20,40.0,8,38,4,1,Yes,1,11.4,1.0,1,-1.6010827190437102,-0.6476963581333678
10448,1956,Graduate,Single,46998.0,0,1,2012-10-22,172,5,3,5,377,45.6,172,58,13,1,Yes,1,26.3,1.0,1,-0.0699122948829173,1.0840682600008447
2109,1990,Graduate,Single,96843.0,0,0,2013-04-23,448,6,11,10,1544,29.0,448,24,27,0,No,0,20.3,1.0,0,1.191917926521017,0.8225667702065735
7530,1950,Postgraduate,Widow,56551.0,1,1,2014-07-05,67,2,1,4,138,48.6,67,64,7,2,Yes,1,5.9,2.0,1,-1.2025951325410515,-1.4396984538938589
8925,1965,Postgraduate,Married,70053.0,0,1,2013-03-07,512,8,5,10,1012,50.6,512,49,23,1,Yes,1,21.8,2.0,0,1.41713225019047,0.5311551833257847
3009,1962,Postgraduate,Widow,71670.0,0,0,2013-09-07,1462,5,3,6,1766,82.8,1257,52,14,0,No,0,15.8,2.0,0,2.5544703833361377,-0.9581839618211275
6355,1978,Graduate,Married,44359.0,1,1,2014-06-17,20,2,0,4,45,44.4,20,36,6,2,Yes,1,6.5,1.0,1,-1.4420692989983204,-1.293290003123542
3517,1952,Graduate,Single,40887.0,1,1,2013-06-05,50,3,1,3,161,31.1,50,62,7,2,Yes,1,18.9,1.0,1,-1.2569996479449561,0.4406155714738602
1158,1966,Graduate,Divorced,48877.0,0,1,2014-05-01,102,3,0,4,144,70.8,102,48,7,1,Yes,1,8.0,1.0,1,-0.6702505301036941,-1.6284750673247235
6203,1947,Graduate,Together,74485.0,0,0,2013-08-24,499,6,7,12,1734,28.8,499,67,25,0,No,0,16.2,1.0,0,1.0211491760781488,0.317305124267455
7165,1972,Graduate,Together,64474.0,0,1,2013-10-22,381,8,2,10,823,46.3,381,42,20,1,Yes,1,14.3,1.0,0,0.6544988099182472,-0.292058464966325
3595,1963,Graduate,Together,77226.0,0,1,2014-02-28,631,6,8,12,1138,55.4,631,51,26,1,Yes,1,10.1,1.0,0,1.714239644995614,-0.92399472280837
8537,1949,Graduate,Widow,72643.0,0,0,2013-02-27,526,3,10,7,1429,36.8,526,65,20,0,No,0,22.1,1.0,0,0.9396427130186086,0.804599147610568
4331,1978,Postgraduate,Together,85738.0,0,0,2014-01-23,913,3,6,11,1371,66.6,913,36,20,0,No,0,11.2,2.0,0,1.986652663979133,-1.0966468197097816
6281,1966,Graduate,Divorced,55686.0,0,1,2013-02-14,673,6,3,5,982,68.5,673,48,14,1,Yes,1,22.5,1.0,0,1.3191114465754712,0.15856697223082727
4338,1983,Graduate,Single,39062.0,1,0,2014-03-25,23,1,0,3,44,52.3,23,31,4,1,Yes,1,9.2,1.0,1,-1.3937388679268186,-1.1495292212507087
2452,1971,Graduate,Together,34600.0,1,1,2013-01-01,199,5,2,5,318,62.6,199,43,12,2,Yes,1,23.9,1.0,1,0.15939687644653905,0.4554182329265599
9507,1975,Graduate,Married,40794.0,0,1,2013-07-04,261,6,3,5,434,60.1,261,39,14,1,Yes,1,17.9,1.0,0,0.25974015107338055,-0.18906805303494517
10311,1969,Graduate,Married,4428.0,0,1,2013-05-10,16,25,0,0,359,4.5,16,45,25,1,Yes,1,19.7,1.0,1,-0.2820325964477074,1.2436496504937824
4867,1968,Postgraduate,Single,38236.0,1,1,2013-09-20,58,3,0,4,88,65.9,58,46,7,2,Yes,1,15.3,2.0,1,-0.6749826861645115,-0.6663365184869924
9289,1979,Graduate,Married,36781.0,1,0,2014-10-04,29,2,1,2,63,46.0,29,35,5,1,Yes,1,2.9,1.0,1,-1.5639027583296032,-1.761121532977058
10913,1984,Postgraduate,Single,31385.0,1,0,2012-05-12,3,1,0,2,27,11.1,3,30,3,1,Yes,1,31.6,2.0,1,-1.7607286994396205,2.29547543513857
3032,1984,Graduate,Married,24570.0,1,0,2013-02-27,28,4,0,4,193,14.5,28,30,8,1,Yes,1,22.1,1.0,1,-1.4503642005503086,1.1556175313542214
8524,1974,Postgraduate,Divorced,25509.0,1,0,2012-09-18,40,3,0,3,101,39.6,40,40,6,1,Yes,1,27.4,2.0,1,-1.0016051104803334,1.2695247827175
3334,1951,Graduate,Married,94642.0,0,0,2014-12-02,879,5,7,9,2211,39.8,879,63,21,0,No,0,1.0,1.0,0,1.2639733362670675,-1.7651008680663123
4470,1962,Postgraduate,Married,58646.0,0,1,2013-10-06,62,2,1,4,140,44.3,62,52,7,1,Yes,1,14.8,2.0,1,-1.083298090375502,-0.3031795778127172
1406,1975,Graduate,Single,53201.0,1,1,2013-12-02,280,6,3,5,415,67.5,280,39,14,2,Yes,1,12.9,1.0,0,0.31720350507222733,-0.9263190250751072
8619,1957,Graduate,Together,21994.0,0,1,2012-12-24,9,0,0,3,22,40.9,9,57,3,1,Yes,1,24.2,1.0,1,-1.3655549825514564,0.8373207254195152
10821,1978,Graduate,Married,57113.0,1,1,2013-06-02,182,4,1,5,263,69.2,182,36,10,2,Yes,1,19.0,1.0,1,-0.03396475986453525,-0.27219311141995817
4552,1991,Graduate,Married,51373.0,0,0,2013-06-22,83,3,5,3,393,21.1,83,23,11,0,No,0,18.3,1.0,1,-1.0570164316075639,0.6039964156184136
898,1986,Graduate,Married,23477.0,1,0,2013-10-21,38,3,0,4,147,25.9,38,28,7,1,Yes,1,14.3,1.0,1,-1.4856793910949821,-0.0004660885168082544
9797,1956,Graduate,Married,58116.0,0,1,2014-04-13,228,3,3,8,443,51.5,228,58,14,1,Yes,1,8.6,1.0,1,-0.18362704503937297,-1.1175716587065967
10949,1963,Postgraduate,Divorced,72968.0,0,0,2013-12-16,1092,5,5,8,1958,55.8,1092,51,18,0,No,0,12.5,2.0,0,1.991211522390088,-0.7661087603241629
8212,1971,Postgraduate,Married,39791.0,0,1,2013-03-28,85,3,1,4,174,48.9,85,43,8,1,Yes,1,21.1,2.0,1,-0.7202345348861522,0.36004146099170725
6248,1947,Postgraduate,Single,91712.0,0,0,2013-10-17,1276,9,7,11,2217,57.6,1257,67,27,0,No,0,14.5,2.0,0,3.149663191388653,-0.4849059090440709
10164,1958,Graduate,Single,94472.0,0,1,2014-03-04,1017,5,5,5,1691,60.1,1017,56,15,1,Yes,1,9.9,1.0,0,1.612738057515339,-1.1826877455427716
4547,1960,Graduate,Together,13672.0,1,1,2013-04-17,6,1,0,3,25,24.0,6,54,4,2,Yes,1,20.5,1.0,1,-1.6902723724186814,0.741122417615599
4122,1975,Graduate,Married,79205.0,0,0,2012-08-29,504,6,5,4,895,56.3,504,39,15,0,No,0,28.1,1.0,0,0.98129640001872,1.082514051507208
10841,1975,Postgraduate,Together,56559.0,0,1,2012-12-25,226,4,3,8,484,46.7,226,39,15,1,Yes,1,24.2,2.0,0,0.17415514491492662,0.8307646568082495
5370,1973,Postgraduate,Married,32644.0,1,0,2013-01-16,239,7,1,6,413,57.9,239,41,14,1,Yes,1,23.5,2.0,0,0.30793485437891055,0.5176072262137698
4860,1970,Graduate,Single,24206.0,1,0,2013-08-03,7,1,0,3,25,28.0,7,44,4,1,Yes,1,16.9,1.0,1,-1.6981875927485623,0.23725952893627553
10757,1967,Postgraduate,Divorced,28420.0,1,0,2013-12-24,4,1,0,2,13,30.8,4,47,3,1,Yes,1,12.2,2.0,1,-1.8465683429919633,-0.38314648158305237
4023,1970,Graduate,Married,22979.0,1,0,2012-06-09,16,3,2,2,115,13.9,16,44,7,1,Yes,1,30.7,1.0,1,-1.36678350532896,2.1745272810746785
6679,1966,Graduate,Single,33279.0,0,0,2014-12-06,10,0,0,3,16,62.5,10,48,3,0,No,0,0.8,1.0,1,-1.5099514559447875,-2.351285454726423
9923,1972,Postgraduate,Single,46423.0,1,1,2013-09-18,68,2,0,4,92,73.9,68,42,6,2,Yes,1,15.4,2.0,1,-0.5880508581193069,-0.8220972789369118
7181,1977,Graduate,Married,30368.0,0,1,2013-07-11,35,2,0,3,52,67.3,35,37,5,1,Yes,1,17.7,1.0,1,-0.8054650559876997,-0.4288705152208416
3599,1970,Graduate,Married,63684.0,0,1,2012-11-26,575,8,4,8,1464,39.3,575,44,20,1,Yes,1,25.1,1.0,0,1.151442572597435,1.1065230176605243
405,1964,Graduate,Divorced,41638.0,0,1,2013-02-13,315,5,5,3,441,71.4,315,50,13,1,Yes,1,22.5,1.0,0,0.5991031094911006,0.11913522563910056
6870,1959,Postgraduate,Divorced,68805.0,0,1,2013-09-17,182,3,1,7,283,64.3,182,55,11,1,Yes,1,15.4,2.0,1,-0.12595998016157534,-0.5915619178107414
832,1966,Postgraduate,Together,65814.0,0,1,2014-02-03,561,8,2,10,747,75.1,561,48,20,1,Yes,1,10.9,2.0,0,1.4603720639354927,-1.2712530571274685
2002,1958,Graduate,Divorced,71964.0,0,0,2013-05-20,587,5,6,5,1870,31.4,587,56,16,0,No,0,19.4,1.0,0,0.5549300117509478,0.5451731002806921
3657,1986,Graduate,Single,39146.0,1,0,2013-02-14,94,4,0,4,165,57.0,94,28,8,1,Yes,1,22.5,1.0,1,-0.5183536177576197,0.36636969639471845
500,1977,Graduate,Together,96876.0,0,0,2013-06-08,908,7,7,9,1941,46.8,908,37,23,0,No,0,18.8,1.0,0,2.0385185039704554,0.22034953694352474
1951,1981,Undergraduate,Married,34445.0,0,0,2013-01-27,228,11,2,8,839,27.2,228,33,21,0,No,0,23.1,0.0,0,0.2936708855444616,1.1438927784328754
3262,1958,Graduate,Single,68281.0,0,0,2012-07-08,995,2,9,13,1655,60.1,995,56,24,0,No,0,29.8,1.0,0,2.7983237988815426,1.2639913272526808
7042,1983,Graduate,Married,36790.0,0,0,2013-01-03,3,2,1,2,66,4.5,3,31,5,0,No,0,23.9,1.0,1,-1.8965935211403988,1.5350335334171397
10598,1967,Graduate,Together,27943.0,1,1,2013-04-15,12,2,0,3,37,32.4,12,47,5,2,Yes,1,20.5,1.0,1,-1.4370819642556816,0.5866317563980091
255,1951,Graduate,Divorced,22263.0,1,1,2014-03-30,17,1,0,3,21,81.0,17,63,4,2,Yes,1,9.1,1.0,1,-0.8705135883197728,-1.722353423899359
2375,1972,Graduate,Together,30261.0,1,2,2012-09-25,8,0,0,3,22,36.4,8,42,3,3,Yes,1,27.2,1.0,1,-1.3811151009624967,1.2800431597225013
9829,1978,Graduate,Together,28587.0,1,0,2014-12-02,22,2,0,4,78,28.2,22,36,6,1,Yes,1,1.0,1.0,1,-1.8708197942224039,-1.626638133081592
6214,1982,Postgraduate,Married,43815.0,1,0,2013-05-04,14,2,0,3,79,17.7,14,32,5,1,Yes,1,19.9,2.0,1,-1.7224660510794374,0.8031358445321276
4954,1956,Graduate,Married,48195.0,1,1,2014-01-21,106,4,2,5,265,40.0,106,58,11,2,Yes,1,11.3,1.0,1,-0.8236729815446995,-0.5949478720279449
7861,1952,Postgraduate,Married,77027.0,0,1,2014-05-02,820,8,3,6,1175,69.8,820,62,17,1,Yes,1,8.0,2.0,0,1.5387883872531791,-1.561240299057249
4837,1965,Postgraduate,Married,71322.0,0,1,2013-02-16,753,8,5,13,1305,57.7,753,49,26,1,Yes,1,22.4,2.0,0,2.2817887908335774,0.475505323137907
9423,1979,Postgraduate,Married,32765.0,1,0,2014-02-23,13,2,0,4,46,28.3,13,35,6,1,Yes,1,10.2,2.0,1,-1.6698229953369477,-0.5404282554959012
4198,1965,Graduate,Together,29672.0,1,1,2013-12-03,9,0,0,3,25,36.0,9,49,3,2,Yes,1,12.9,1.0,1,-1.7231413427293851,-0.4025187061461088
153,1953,Graduate,Divorced,23272.0,0,0,2013-10-17,19,1,0,3,46,41.3,19,61,4,0,No,0,14.5,1.0,1,-1.4826148965791326,-0.3075459969454252
9323,1949,Postgraduate,Together,49912.0,0,1,2012-07-09,520,10,5,7,874,59.5,520,65,22,1,Yes,1,29.7,2.0,0,1.7005816281129036,1.2799289919950443
3945,1947,Postgraduate,Widow,68117.0,0,1,2013-10-03,618,11,8,4,930,66.5,618,67,23,1,Yes,1,14.9,2.0,0,1.7566228362161702,-0.6036790246963276
3799,1955,Graduate,Married,67225.0,0,1,2013-11-26,315,7,2,11,868,36.3,315,59,20,1,Yes,1,13.1,1.0,0,0.3119247263605399,-0.23318045926545147
8625,1976,Graduate,Married,17649.0,1,0,2013-12-11,15,3,0,3,45,33.3,15,38,6,1,Yes,1,12.6,1.0,1,-1.5159205727184069,-0.35471053797912494
3491,1975,Graduate,Together,55914.0,0,1,2013-04-29,384,11,6,8,1260,30.5,384,39,25,1,Yes,1,20.1,1.0,0,0.9231241738071745,0.7539088598932394
983,1984,Graduate,Married,40059.0,1,0,2013-09-28,110,6,2,3,414,26.6,110,30,11,1,Yes,1,15.1,1.0,1,-0.9773443699735277,0.11606512154861517
9119,1950,Graduate,Together,60905.0,0,1,2013-05-12,208,3,3,7,392,53.1,208,64,13,1,Yes,1,19.6,1.0,1,-0.017817884543547706,0.14260413181721054
4786,1977,Graduate,Married,75330.0,1,1,2012-04-10,555,10,3,12,1109,50.0,555,37,25,2,Yes,1,32.7,1.0,0,1.9140650488871396,1.8486029119890655
5872,1951,Graduate,Single,60689.0,0,1,2013-01-06,240,4,4,10,639,37.6,240,63,18,1,Yes,1,23.8,1.0,0,0.27465862957715526,0.9913406691621289
6568,1984,Graduate,Married,38680.0,1,0,2013-03-28,11,2,0,3,79,13.9,11,30,5,1,Yes,1,21.1,1.0,1,-1.7711316811683302,1.0195518912182246
5628,1982,Graduate,Together,61416.0,0,0,2013-08-02,848,10,3,10,1665,50.9,848,32,23,0,No,0,17.0,1.0,0,1.9572801316207655,-0.06799965344152477
5631,1991,Graduate,Single,49767.0,0,0,2013-02-05,202,5,4,8,692,29.2,202,23,17,0,No,0,22.8,1.0,1,-0.06372504567882409,1.0300953565055437
4974,1970,Graduate,Single,83273.0,1,2,2012-09-25,433,4,6,9,1392,31.1,433,44,19,3,Yes,1,27.2,1.0,0,0.6893340748517461,1.5158153664456278
8416,1981,Graduate,Married,29009.0,1,0,2013-11-29,6,2,0,3,44,13.6,6,33,5,1,Yes,1,13.0,1.0,1,-1.9769675901950678,0.06835806740785767
5454,1979,Postgraduate,Married,45057.0,1,0,2013-01-12,37,2,0,3,50,74.0,37,35,5,1,Yes,1,23.6,2.0,1,-0.5373939098502712,0.13730185951296794
4095,1971,Graduate,Married,37150.0,1,0,2012-11-09,167,4,3,6,467,35.8,167,43,13,1,Yes,1,25.7,1.0,1,-0.2770785392916711,1.2052519832993245
5474,1970,Graduate,Single,43020.0,1,0,2013-11-30,45,4,1,4,223,20.2,45,44,9,1,Yes,1,13.0,1.0,1,-1.4406244547255767,-0.022552315533660085
4268,1959,Graduate,Married,53154.0,0,1,2014-09-06,129,3,1,4,158,81.6,129,55,8,1,Yes,1,3.8,1.0,1,-0.4304978689653745,-2.3279916539418477
10701,1973,Graduate,Married,65308.0,0,0,2013-11-09,713,7,8,12,1211,58.9,713,41,27,0,No,0,13.7,1.0,0,2.1068804158826424,-0.5629530200876603
3507,1970,Graduate,Single,76467.0,1,0,2012-08-17,676,2,5,5,1575,42.9,676,44,12,1,Yes,1,28.4,1.0,0,0.8157596724911935,1.3359492803732822
626,1951,Graduate,Married,32871.0,1,1,2013-09-03,22,1,0,3,43,51.2,22,63,4,2,Yes,1,15.9,1.0,1,-1.2586077632310404,-0.3359690277970174
4426,1975,Graduate,Single,55801.0,1,1,2013-09-22,367,7,2,6,527,69.6,367,39,15,2,Yes,1,15.3,1.0,0,0.6650423406187574,-0.6801184650469716
2591,1959,Graduate,Widow,76320.0,0,1,2014-06-22,526,6,3,4,932,56.4,526,55,13,1,Yes,1,6.3,1.0,0,0.3437931473187101,-1.5185823637180518
10509,1955,Postgraduate,Single,36927.0,1,1,2014-02-06,51,3,0,3,71,71.8,51,59,6,2,Yes,1,10.8,2.0,1,-0.7683469886146437,-1.3234395965427603
6382,1953,Graduate,Together,48794.0,1,1,2014-06-26,25,1,0,3,54,46.3,25,61,4,2,Yes,1,6.2,1.0,1,-1.5727664592262744,-1.3869141875254034
6673,1965,Graduate,Single,23478.0,0,0,2013-03-19,28,3,0,3,129,21.7,28,49,6,0,No,0,21.4,1.0,1,-1.5009149003150695,0.9114120437259665
7441,1973,Graduate,Divorced,71128.0,1,0,2012-06-10,958,2,10,12,1615,59.3,958,41,24,1,Yes,1,30.7,1.0,0,2.7332283669506445,1.3888781921625986
1071,1976,Postgraduate,Divorced,70179.0,0,1,2013-07-21,532,7,3,13,1034,51.5,532,38,23,1,Yes,1,17.3,2.0,0,1.3666352217082736,-0.019909742559769343
10061,1950,Graduate,Married,59462.0,0,1,2013-05-01,724,9,2,12,1088,66.5,724,64,23,1,Yes,1,20.0,1.0,0,2.080883904757599,-0.009014852126301705
8775,1969,Graduate,Together,38361.0,1,0,2013-12-27,39,3,1,3,137,28.5,39,45,7,1,Yes,1,12.1,1.0,1,-1.486855750897215,-0.31145546451873835
2345,1982,Postgraduate,Together,70038.0,0,0,2013-10-25,587,4,4,8,1244,47.2,587,32,16,0,No,0,14.2,2.0,0,0.7282862401543748,-0.3785851401076651
322,1978,Graduate,Together,42554.0,1,1,2013-12-01,29,2,0,3,41,70.7,29,36,5,2,Yes,1,13.0,1.0,1,-0.863980786834446,-1.0504795080699094
10897,1974,Graduate,Married,67445.0,0,1,2012-12-08,757,9,6,12,1174,64.5,757,40,27,1,Yes,1,24.7,1.0,0,2.555297158251811,0.6243382051552647
123,1951,Graduate,Widow,67046.0,0,1,2013-06-01,544,4,5,4,993,54.8,544,63,13,1,Yes,1,19.0,1.0,0,0.6473544254540565,0.012515391338211706
6103,1948,Graduate,Married,42192.0,0,0,2013-06-09,40,2,1,3,100,40.0,40,66,6,0,No,0,18.7,1.0,1,-1.1988225169682583,0.2333290015212193
7899,1952,Postgraduate,Married,77610.0,0,1,2012-10-29,1245,4,7,4,1680,74.1,1245,62,15,1,Yes,1,26.1,2.0,0,2.6952868188238597,0.4407417409802964
10500,1984,Graduate,Married,31761.0,1,0,2014-05-04,19,3,0,4,98,19.4,19,30,7,1,Yes,1,7.9,1.0,1,-1.79453103677179,-0.6283419985799509
1655,1979,Graduate,Together,34350.0,1,0,2013-10-19,16,1,0,3,48,33.3,16,35,4,1,Yes,1,14.4,1.0,1,-1.640474318303343,-0.1626286710327504
2406,1949,Graduate,Together,54591.0,0,1,2013-05-08,376,6,2,8,519,72.4,376,65,16,1,Yes,1,19.8,1.0,0,0.9250871264042617,-0.1933702580405002
2712,1956,Graduate,Married,71866.0,0,1,2013-12-25,184,6,3,10,715,25.7,184,58,19,1,Yes,1,12.2,1.0,1,-0.24449185915653357,-0.13239492433499045
5517,1969,Graduate,Married,25293.0,1,0,2013-09-15,15,1,1,2,37,40.5,15,45,4,1,Yes,1,15.5,1.0,1,-1.4817663009221238,-0.1733834198437128
10643,1987,Postgraduate,Single,42000.0,0,0,2013-10-01,124,5,2,11,653,19.0,124,27,18,0,No,0,15.0,2.0,1,-0.504042137737679,0.323971896017968
2254,1983,Graduate,Married,69520.0,0,0,2013-07-07,627,9,6,5,1455,43.1,627,31,20,0,No,0,17.8,1.0,0,1.1510035000821153,0.16528720937648528
10281,1970,Graduate,Divorced,64713.0,1,0,2014-07-02,180,5,5,7,602,29.9,180,44,17,1,Yes,1,6.0,1.0,1,-0.48830800656478984,-0.9677213502973474
6958,1977,Postgraduate,Married,27889.0,1,0,2013-05-07,14,1,1,2,26,53.8,14,37,4,1,Yes,1,19.8,2.0,1,-1.133599285021532,0.07477694814044089
954,1960,Undergraduate,Widow,22123.0,0,0,2014-03-27,3,2,1,3,102,2.9,3,54,6,0,No,0,9.2,0.0,1,-2.1880006367777276,-0.1609530082011586
4643,1973,Graduate,Married,27803.0,1,0,2012-08-26,8,3,0,4,176,4.5,8,41,7,1,Yes,1,28.2,1.0,1,-1.6169498867658982,2.0635303647881953
6497,1960,Graduate,Married,51651.0,0,1,2012-07-11,293,6,2,5,433,67.7,293,54,13,1,Yes,1,29.7,1.0,0,0.6568709363815205,1.0442810472022672
5396,1988,Graduate,Married,68487.0,0,0,2013-01-13,758,9,7,13,1366,55.5,758,26,29,0,No,0,23.6,1.0,0,2.53173413909055,0.6909142073636089
1052,1969,Graduate,Married,56796.0,0,1,2013-02-16,656,8,9,7,1001,65.5,656,45,24,1,Yes,1,22.4,1.0,0,2.072018586019326,0.3097840041512306
6343,1959,Graduate,Married,79823.0,0,1,2014-03-31,835,6,9,7,1518,55.0,835,55,22,1,Yes,1,9.0,1.0,0,1.7363135166444674,-1.1031383979486882
6507,1980,Graduate,Single,30828.0,1,0,2013-04-10,16,1,1,4,56,28.6,16,34,6,1,Yes,1,20.7,1.0,1,-1.4113711120398906,0.6946081926398378
7901,1971,Postgraduate,Married,34109.0,0,1,2013-06-11,9,0,0,3,22,40.9,9,43,3,1,Yes,1,18.7,2.0,1,-1.4949653557697176,0.18720146661391293
4865,1974,Postgraduate,Divorced,53367.0,1,1,2013-08-31,229,5,1,8,400,57.2,229,40,14,2,Yes,1,16.0,2.0,1,0.09909514890180847,-0.3544536281612473
2686,1969,Undergraduate,Together,22390.0,0,0,2013-10-21,0,1,0,2,26,0.0,0,45,3,0,No,0,14.3,0.0,1,-2.381308281536115,0.46793874233622473
3107,1976,Graduate,Together,71322.0,0,1,2014-02-05,121,4,1,7,350,34.6,121,38,12,1,Yes,1,10.8,1.0,1,-0.8231806023670976,-0.5392608304932545
7734,1993,Graduate,Absurd,79244.0,0,0,2012-12-19,471,4,10,7,1216,38.7,471,21,21,0,No,0,24.4,1.0,0,1.0077510145994184,1.0538416704001785
1146,1949,Postgraduate,Together,49912.0,0,1,2012-07-09,520,10,5,7,874,59.5,520,65,22,1,Yes,1,29.7,2.0,0,1.7005816281129036,1.2799289919950443
11031,1950,Postgraduate,Married,48699.0,1,1,2013-05-21,26,1,0,3,40,65.0,26,64,4,2,Yes,1,19.3,2.0,1,-0.9126241298140216,-0.20435900904537385
7428,1975,Graduate,Together,80144.0,0,0,2013-09-30,240,3,7,8,1367,17.6,240,39,18,0,No,0,15.0,1.0,1,-0.30671170680193777,0.34241571844412805
975,1956,Graduate,Single,54252.0,1,1,2013-05-28,178,4,1,5,264,67.4,178,58,10,2,Yes,1,19.1,1.0,1,-0.07300809405928102,-0.2248503925906141
1103,1976,Postgraduate,Married,81929.0,1,0,2012-09-29,1486,4,4,10,2053,72.4,1257,38,18,1,Yes,1,27.0,2.0,0,2.9610202866278095,0.610368156451171
3422,1975,Graduate,Married,76068.0,0,1,2012-11-29,1115,2,3,4,1376,81.0,1115,39,9,1,Yes,1,25.0,1.0,0,2.0415328398881085,0.12393352066450967
1055,1976,Postgraduate,Married,53204.0,1,1,2014-03-20,29,1,0,3,45,64.4,29,38,4,2,Yes,1,9.4,2.0,1,-1.1510112036282234,-1.3630670297187206
6544,1949,Postgraduate,Together,67911.0,0,1,2014-05-22,529,6,7,11,976,54.2,529,65,24,1,Yes,1,7.3,2.0,0,1.2605115960544995,-1.244230656553646
2909,1974,Postgraduate,Married,78128.0,0,1,2014-02-19,934,8,4,6,1264,73.9,934,40,18,1,Yes,1,10.3,2.0,0,1.9737347722460827,-1.3680686520458358
5802,1972,Undergraduate,Married,14188.0,0,0,2013-02-28,2,2,0,4,75,2.7,2,42,6,0,No,0,22.0,0.0,1,-1.8924975453381703,1.3560415811670525
1407,1986,Undergraduate,Married,20425.0,1,0,2012-10-29,4,2,0,3,57,7.0,4,28,5,1,Yes,1,26.1,0.0,1,-1.7961131510641715,1.7460958937765467
6183,1962,Postgraduate,Married,58646.0,0,1,2013-10-06,62,2,1,4,140,44.3,62,52,7,1,Yes,1,14.8,2.0,1,-1.083298090375502,-0.3031795778127172
340,1970,Graduate,Divorced,72967.0,0,1,2012-12-15,158,7,2,8,497,31.8,158,44,17,1,Yes,1,24.5,1.0,1,-0.059852838623395355,1.1835695976134597
5991,1949,Postgraduate,Married,48150.0,0,1,2013-08-06,173,5,1,4,266,65.0,173,65,10,1,Yes,1,16.8,2.0,1,-0.18167782485680745,-0.449380991461122
3104,1961,Graduate,Single,82332.0,0,0,2012-09-17,830,5,3,12,2006,41.4,830,53,20,0,No,0,27.4,1.0,0,1.7362484436035661,1.3176450441156324
9729,1955,Graduate,Widow,58275.0,1,1,2013-02-06,189,8,2,7,615,30.7,189,59,17,2,Yes,1,22.8,1.0,1,-0.06070255924403012,1.0017528498917516
1008,1981,Postgraduate,Together,44953.0,0,0,2012-12-21,728,7,3,13,1021,71.3,728,33,23,0,No,0,24.3,2.0,0,2.279602598411435,0.40504795658319176
11091,1953,Graduate,Together,34587.0,1,1,2014-05-16,7,1,0,3,22,31.8,7,61,4,2,Yes,1,7.5,1.0,1,-1.848242074704278,-0.9481939001537817
3969,1974,Postgraduate,Together,43018.0,0,1,2013-01-11,35,2,2,2,133,26.3,35,40,6,1,Yes,1,23.6,2.0,1,-1.3495695673085764,1.0809288269826391
1916,1954,Postgraduate,Married,45736.0,0,1,2013-07-24,188,7,1,6,437,43.0,188,60,14,1,Yes,1,17.2,2.0,1,-0.2174397542237716,0.06835085665337655
9907,1969,Postgraduate,Together,66476.0,0,1,2013-04-12,742,6,8,10,1013,73.2,742,45,24,1,Yes,1,20.6,2.0,0,2.339499180968492,-0.06025113689431494
8659,1952,Postgraduate,Together,69805.0,0,1,2014-01-21,750,6,8,11,1038,72.3,750,62,25,1,Yes,1,11.3,2.0,0,2.2036665306272805,-1.1322499570168076
6262,1962,Postgraduate,Single,72217.0,0,0,2013-10-04,816,3,10,8,1573,51.9,816,52,21,0,No,0,14.9,2.0,0,1.6960872420949813,-0.35393009793936353
6147,1971,Graduate,Divorced,25818.0,1,0,2012-10-18,5,0,1,2,28,17.9,5,43,3,1,Yes,1,26.4,1.0,1,-1.751959646919261,1.5476326127842184
7532,1980,Graduate,Married,43586.0,0,1,2012-08-30,99,3,0,4,132,75.0,99,34,7,1,Yes,1,28.0,1.0,1,-0.1268424796818531,0.6536604641121374
2115,1957,Graduate,Together,50116.0,1,1,2014-06-20,54,1,0,4,66,81.8,54,57,5,2,Yes,1,6.4,1.0,1,-0.7633540247940738,-2.0497029288441126
2088,1972,Graduate,Together,84906.0,0,0,2013-04-10,997,5,6,12,1631,61.1,997,42,23,0,No,0,20.7,1.0,0,2.522361530458784,0.15831828618493823
2493,1966,Graduate,Married,61286.0,0,1,2013-02-08,356,7,1,8,608,58.6,356,48,16,1,Yes,1,22.7,1.0,0,0.6965051390560578,0.420935547157695
6292,1986,Postgraduate,Married,82333.0,0,0,2013-03-30,1311,4,3,10,1822,72.0,1257,28,17,0,No,0,21.1,2.0,0,2.730295357742845,-0.08951084857441673
1631,1965,Postgraduate,Together,65220.0,0,0,2012-03-09,890,8,4,7,1282,69.4,890,49,19,0,No,0,33.7,2.0,0,2.4397249644931875,1.499624618147873
10104,1974,Graduate,Together,33590.0,2,1,2013-03-11,4,1,0,2,8,50.0,4,40,3,3,Yes,1,21.7,1.0,1,-1.2637001450451957,0.3641715547904999
3006,1976,Graduate,Divorced,30992.0,1,0,2013-04-22,17,1,0,3,43,39.5,17,38,4,1,Yes,1,20.3,1.0,1,-1.3836880190318495,0.4134024605267969
3919,1976,Postgraduate,Single,72309.0,0,0,2013-11-03,960,5,6,8,1931,49.7,960,38,19,0,No,0,13.9,2.0,0,1.7400388247291947,-0.4608055550343667
11181,1949,Postgraduate,Married,118183.75,0,0,2013-08-29,2,0,0,0,8,25.0,2,65,0,0,No,0,16.1,2.0,1,-2.120459467073842,0.1605575069804346
642,1980,Undergraduate,Married,16005.0,1,0,2012-08-14,1,2,1,2,103,1.0,1,34,5,1,Yes,1,28.5,0.0,1,-1.857718301948003,2.1473953873546714
4369,1957,Postgraduate,Absurd,65487.0,0,0,2014-10-01,240,3,5,6,1169,20.5,240,57,14,0,No,0,3.0,2.0,1,-0.8724525893183775,-1.1739745023448747
10127,1965,Graduate,Married,58692.0,0,1,2014-06-04,301,8,2,4,395,76.2,301,49,14,1,Yes,1,6.9,1.0,0,0.37932210012443585,-1.8073600003183288
271,1969,Graduate,Widow,40590.0,1,1,2013-02-10,154,3,4,3,258,59.7,154,45,10,2,Yes,1,22.6,1.0,1,-0.18101490922295202,0.34134986620590424
4973,1970,Graduate,Single,20587.0,1,0,2014-11-05,2,1,1,2,25,8.0,2,44,4,1,Yes,1,1.8,1.0,1,-2.437426646285423,-1.1559619306608226
2948,1954,Postgraduate,Divorced,62637.0,0,1,2014-01-03,104,2,2,5,185,56.2,104,60,9,1,Yes,1,11.9,2.0,1,-0.6790485990293493,-0.8614042256088809
2715,1966,Postgraduate,Divorced,29435.0,1,1,2012-06-08,70,3,2,2,180,38.9,70,48,7,2,Yes,1,30.7,2.0,1,-0.7948331484914527,1.681280998821927
10432,1974,Graduate,Divorced,19346.0,1,0,2014-01-30,2,1,0,3,22,9.1,2,40,4,1,Yes,1,11.0,1.0,1,-2.2003711299717787,-0.09000933841685486
9216,1971,Graduate,Married,35788.0,1,1,2014-01-23,23,2,0,3,44,52.3,23,43,5,2,Yes,1,11.2,1.0,1,-1.2622639330175822,-0.9028185552016739
7124,1968,Graduate,Divorced,36997.0,1,1,2013-01-02,43,2,1,4,94,45.7,43,46,7,2,Yes,1,23.9,1.0,1,-0.8795938481686818,0.7465487709083973
9727,1957,Graduate,Married,23539.0,0,0,2014-02-28,4,2,0,4,81,4.9,4,57,6,0,No,0,10.1,1.0,1,-2.127466016579291,-0.09377355333880195
5136,1973,Graduate,Single,65333.0,0,1,2014-01-17,654,9,4,8,798,82.0,654,41,21,1,Yes,1,11.4,1.0,0,1.8649028155511047,-1.3440056187990825
9790,1957,Graduate,Single,78499.0,0,0,2013-11-23,912,11,3,4,1334,68.4,912,57,18,0,No,0,13.2,1.0,0,1.8966389799079009,-0.9159839596636624
1818,1971,Postgraduate,Together,29732.0,1,0,2014-03-25,25,2,0,2,38,65.8,25,43,4,1,Yes,1,9.2,2.0,1,-1.1372230871762765,-1.4137878995090363
1100,1960,Postgraduate,Together,41275.0,1,2,2014-03-24,24,3,1,3,61,39.3,24,54,7,3,Yes,1,9.3,2.0,1,-1.379513027038384,-0.8525521815999522
7873,1973,Postgraduate,Together,63516.0,1,1,2013-06-07,141,4,1,7,300,47.0,141,41,12,2,Yes,1,18.8,2.0,1,-0.3643327462051582,0.1622401421956201
10609,1962,Postgraduate,Married,42769.0,0,1,2013-12-10,71,1,1,4,88,80.7,71,52,6,1,Yes,1,12.7,2.0,1,-0.5185319052963677,-1.2745084575301808
6950,1958,Postgraduate,Married,49572.0,1,1,2013-12-15,35,2,0,3,54,64.8,35,56,5,2,Yes,1,12.5,2.0,1,-0.9746058989796083,-0.9946204906247677
7233,1972,Graduate,Married,69209.0,0,0,2012-09-17,496,5,3,6,1782,27.8,496,42,14,0,No,0,27.4,1.0,0,0.33159626602244985,1.5476386747748296
9481,1976,Graduate,Married,17148.0,1,0,2014-01-28,9,3,1,3,68,13.2,9,38,7,1,Yes,1,11.1,1.0,1,-1.854545021730672,-0.12802727339705486
7699,1969,Graduate,Widow,40590.0,1,1,2013-02-10,154,3,4,3,258,59.7,154,45,10,2,Yes,1,22.6,1.0,1,-0.18101490922295202,0.34134986620590424
2711,1976,Postgraduate,Together,30560.0,1,0,2013-06-27,9,1,0,3,31,29.0,9,38,4,1,Yes,1,18.1,2.0,1,-1.647382908496344,0.3593862172060223
1515,1975,Postgraduate,Together,34176.0,0,1,2014-01-22,11,1,0,3,28,39.3,11,39,4,1,Yes,1,11.3,2.0,1,-1.610755605637887,-0.6460537337998774
5186,1955,Postgraduate,Married,58482.0,0,1,2014-12-03,576,7,4,9,731,78.8,576,59,20,1,Yes,1,0.9,2.0,0,1.3232335688012766,-2.5268289114832405
10157,1965,Graduate,Single,59686.0,0,1,2014-01-25,89,4,1,6,274,32.5,89,49,11,1,Yes,1,11.2,1.0,1,-0.9991526071807977,-0.4587326493190502
5667,1964,Postgraduate,Married,60896.0,0,1,2012-11-10,1013,9,10,4,1701,59.6,1013,50,23,1,Yes,1,25.7,2.0,0,2.642765848014338,0.7774469700794316
902,1980,Graduate,Together,62994.0,1,0,2014-04-03,224,6,2,4,312,71.8,224,34,12,1,Yes,1,8.9,1.0,1,0.026818899617637917,-1.4995443442759577
977,1957,Graduate,Together,47320.0,0,1,2013-01-08,200,5,1,8,414,48.3,200,57,14,1,Yes,1,23.7,1.0,1,0.057816959279621605,0.7320628403691259
7600,1992,Undergraduate,Single,15253.0,1,0,2013-10-28,1,1,0,3,29,3.4,1,22,4,1,Yes,1,14.1,0.0,1,-2.2360371568599158,0.3880093978484911
9706,1974,Postgraduate,Single,31560.0,1,0,2013-06-24,62,2,1,3,94,66.0,62,40,6,1,Yes,1,18.2,2.0,1,-0.6815851608787584,-0.33611479697374635
2429,1954,Graduate,Divorced,72071.0,0,1,2013-02-14,531,5,4,8,1338,39.7,531,60,17,1,Yes,1,22.5,1.0,0,0.759715033513695,0.7638504583138737
3520,1990,Postgraduate,Single,91172.0,0,0,2013-03-27,162,4,3,7,1092,14.8,162,24,14,0,No,0,21.2,2.0,1,-0.7012075794849624,1.0948545966885685
10394,1984,Graduate,Married,90000.0,0,0,2013-12-23,675,4,8,5,1479,45.6,675,30,17,0,No,0,12.3,1.0,0,0.907628654630653,-0.5683525624817449
4548,1981,Graduate,Single,41967.0,1,1,2013-11-23,23,1,0,3,54,42.6,23,33,4,2,Yes,1,13.2,1.0,1,-1.4811643963854815,-0.4869512711117176
9362,1965,Graduate,Single,69263.0,0,1,2014-05-03,492,9,1,7,568,86.6,492,49,17,1,Yes,1,8.0,1.0,0,1.2211548178645408,-1.8646114650887127
4084,1975,Graduate,Together,60934.0,0,1,2014-01-17,224,6,4,11,873,25.7,224,39,21,1,Yes,1,11.4,1.0,0,-0.017401816011924073,-0.20943480958036437
6721,1951,Graduate,Married,71965.0,0,1,2013-07-29,572,6,3,5,1213,47.2,572,63,14,1,Yes,1,17.1,1.0,0,0.5987825150500796,-0.055245657536748156
2829,1955,Graduate,Married,65210.0,0,1,2014-10-03,626,9,3,8,731,85.6,626,59,20,1,Yes,1,2.9,1.0,0,1.5939087269327579,-2.4273078139005233
1772,1975,Postgraduate,Married,79174.0,0,0,2013-11-01,1074,5,6,7,2043,52.6,1074,39,18,0,No,0,14.0,2.0,0,1.9319290013303547,-0.5248129854369316
1544,1967,Postgraduate,Divorced,81380.0,0,0,2012-12-22,741,4,2,10,1893,39.1,741,47,16,0,No,0,24.3,2.0,0,1.1110922006315216,0.9618579235424288
492,1973,Postgraduate,YOLO,48432.0,0,1,2012-10-18,322,7,1,6,424,75.9,322,41,14,1,Yes,1,26.4,2.0,0,0.8729930610805938,0.5018579537813568
4377,1971,Graduate,Married,52914.0,0,1,2013-07-01,254,7,3,3,575,44.2,254,43,13,1,Yes,1,18.0,1.0,1,-0.1333919968093149,0.12404476734832162
4541,1955,Graduate,Together,38946.0,0,1,2013-10-24,116,3,1,6,257,45.1,116,59,10,1,Yes,1,14.2,1.0,1,-0.7251350011403482,-0.36300527780622277
1321,1974,Graduate,Married,26067.0,1,0,2013-04-11,22,3,0,3,56,39.3,22,40,6,1,Yes,1,20.7,1.0,1,-1.1995512412407785,0.48481829428758966
8858,1972,Postgraduate,Married,44325.0,0,1,2013-07-03,516,8,2,7,542,95.2,516,42,17,1,Yes,1,17.9,2.0,0,1.6612964787707742,-0.8644917662832754
3266,1964,Graduate,Married,42523.0,0,0,2014-04-23,14,1,1,4,125,11.2,14,50,6,0,No,0,8.3,1.0,1,-2.0326396406505203,-0.43055970559712725
11187,1978,Undergraduate,Single,26487.0,1,0,2013-05-20,2,2,1,3,69,2.9,2,36,6,1,Yes,1,19.4,0.0,1,-1.9499302207399587,1.0447998183706946
9723,1960,Graduate,Married,67716.0,0,1,2013-10-01,530,7,4,13,1016,52.2,530,54,24,1,Yes,1,15.0,1.0,0,1.4061817480222658,-0.29501421813017065
2666,1972,Postgraduate,Married,76234.0,0,1,2014-06-02,519,8,3,11,907,57.2,519,42,22,1,Yes,1,7.0,2.0,0,1.1214966407063653,-1.3582178098189526
5721,1956,Postgraduate,Married,84117.0,0,0,2014-11-05,611,7,10,6,1566,39.0,611,58,23,0,No,0,1.8,2.0,0,0.9202204412316435,-1.6136145618443503
10652,1957,Postgraduate,Together,65487.0,0,0,2014-10-01,240,3,5,6,1169,20.5,240,57,14,0,No,0,3.0,2.0,1,-0.8724525893183775,-1.1739745023448747
1646,1972,Undergraduate,Married,25224.0,1,0,2014-03-16,4,1,1,3,46,8.7,4,42,5,1,Yes,1,9.5,0.0,1,-2.1548805187611113,-0.24933983118689376
4418,1983,Postgraduate,Single,89616.0,0,0,2013-02-25,671,7,5,12,1644,40.8,671,31,24,0,No,0,22.1,2.0,0,1.6315874212181667,0.7563796413121064
2656,1971,Graduate,Divorced,40851.0,1,1,2013-02-21,23,1,1,2,59,39.0,23,43,4,2,Yes,1,22.3,1.0,1,-1.334425524667554,0.659128448864325
7990,1947,Graduate,Married,27469.0,0,0,2012-02-08,9,0,0,3,17,52.9,9,67,3,0,No,0,34.7,1.0,1,-0.8939105719604871,1.843697974207633
7118,1957,Graduate,Married,73803.0,0,1,2012-01-08,833,9,5,6,1528,54.5,833,57,20,1,Yes,1,35.7,1.0,0,2.1824969707204387,2.0422236361717148
2980,1952,Postgraduate,Single,8820.0,1,1,2013-03-22,12,3,0,3,35,34.3,12,62,6,2,Yes,1,21.3,2.0,1,-1.2982822146399553,0.6543279635055802
1839,1974,Graduate,Single,43322.0,0,0,2014-04-21,56,3,0,4,141,39.7,56,40,7,0,No,0,8.3,1.0,1,-1.3338918026947202,-0.9810485281952335
10722,1973,Graduate,Together,55593.0,0,1,2013-08-21,293,6,6,3,546,53.7,293,41,15,1,Yes,1,16.3,1.0,0,0.24839382619403594,-0.24515244419771245
2632,1954,Graduate,Married,50501.0,1,1,2013-06-18,297,5,4,4,500,59.4,297,60,13,2,Yes,1,18.4,1.0,0,0.24335925407526562,-0.12935162855614848
9014,1975,Graduate,Married,37085.0,1,1,2014-06-26,39,3,0,3,61,63.9,39,39,6,2,Yes,1,6.2,1.0,1,-1.0475590865607032,-1.7117003649783495
7620,1990,Undergraduate,Single,16185.0,1,0,2013-05-08,5,2,2,2,106,4.7,5,24,6,1,Yes,1,19.8,0.0,1,-1.9010493105469226,1.056635960583324
10968,1969,Graduate,Single,57731.0,0,1,2012-11-23,266,8,8,6,704,37.8,266,45,22,1,Yes,1,25.2,1.0,0,0.699111146759379,1.192122697879775
11133,1973,Postgraduate,YOLO,48432.0,0,1,2012-10-18,322,7,1,6,424,75.9,322,41,14,1,Yes,1,26.4,2.0,0,0.8729930610805938,0.5018579537813568
2736,1978,Graduate,Married,73807.0,0,1,2013-02-01,366,5,5,11,849,43.1,366,36,21,1,Yes,1,22.9,1.0,0,0.8524709436347938,0.7985545034107439
1876,1990,Graduate,Married,18929.0,0,0,2013-02-16,32,1,0,4,85,37.6,32,24,5,0,No,0,22.4,1.0,1,-1.2565149226949324,0.7079470801342168
5959,1968,Graduate,Single,35893.0,1,1,2012-10-15,158,3,1,5,199,79.4,158,46,9,2,Yes,1,26.5,1.0,1,0.2027392392750353,0.40633454321662527
1092,1980,Graduate,Married,61014.0,0,1,2012-11-08,269,9,3,4,1147,23.5,269,34,16,1,Yes,1,25.7,1.0,1,-0.05747729150287728,1.4689262331841457
4333,1954,Graduate,Together,32144.0,1,1,2014-03-23,41,2,1,3,54,75.9,41,60,6,2,Yes,1,9.3,1.0,1,-0.7461764440748363,-1.5801832485206972
3850,1963,Undergraduate,Together,14918.0,0,1,2012-07-12,3,1,0,3,43,7.0,3,51,4,1,Yes,1,29.6,0.0,1,-1.800104716140335,2.149581596774578
6168,1963,Graduate,Divorced,45146.0,1,1,2013-07-15,33,1,1,2,53,62.3,33,51,4,2,Yes,1,17.5,1.0,1,-0.9920199466942593,-0.3648441920623744
10469,1981,Graduate,Together,88325.0,0,0,2014-05-02,519,6,2,9,1623,32.0,519,33,17,0,No,0,8.0,1.0,0,0.2513074011670639,-0.7985376346055084
6983,1950,Postgraduate,Divorced,38054.0,1,1,2014-01-05,23,2,0,3,45,51.1,23,64,5,2,Yes,1,11.8,2.0,1,-1.2706052621112007,-0.8084205024388049
9303,1976,Graduate,Married,5305.0,0,1,2013-07-30,12,1,0,0,32,37.5,12,38,1,1,Yes,1,17.0,1.0,1,-1.7616504859377045,0.031932054246858424
692,1954,Graduate,Together,36807.0,1,1,2012-12-20,4,1,0,2,16,25.0,4,60,3,2,Yes,1,24.3,1.0,1,-1.6704165062884522,1.1605829881668517
736,1983,Graduate,Together,28427.0,1,0,2013-03-21,18,2,0,3,52,34.6,18,31,5,1,Yes,1,21.4,1.0,1,-1.3631691897390052,0.6495130014193365
9589,1948,Postgraduate,Widow,82032.0,0,0,2014-05-04,332,4,6,7,1234,26.9,332,66,17,0,No,0,7.9,2.0,1,-0.20684515124344538,-0.6961655744522737
4838,1978,Graduate,Together,22775.0,1,0,2013-06-19,5,1,0,2,15,33.3,5,36,3,1,Yes,1,18.4,1.0,1,-1.65197133784791,0.3007298851804286
9246,1985,Postgraduate,Together,40101.0,1,0,2012-10-14,171,6,1,6,415,41.2,171,29,13,1,Yes,1,26.5,2.0,1,-0.14948248914528667,1.193864560504124
6261,1979,Graduate,Married,58025.0,0,1,2013-11-26,270,3,2,10,470,57.4,270,35,15,1,Yes,1,13.1,1.0,0,0.19802748203797277,-0.6940142984909312
7366,1982,Postgraduate,Single,75777.0,0,0,2013-04-07,712,3,6,11,1438,49.5,712,32,20,0,No,0,20.8,2.0,0,1.5051666606775431,0.38813826737640517
1448,1963,Postgraduate,Married,33562.0,1,2,2014-06-25,21,2,0,4,51,41.2,21,51,6,3,Yes,1,6.2,2.0,1,-1.507091241519999,-1.2662256257059574
4286,1970,Postgraduate,Single,57642.0,0,1,2014-09-01,580,7,6,6,679,85.4,580,44,19,1,Yes,1,4.0,2.0,0,1.4429888910901307,-2.3001278952453537
4749,1968,Graduate,Together,58554.0,1,1,2012-09-26,368,8,2,6,586,62.8,368,46,16,2,Yes,1,27.1,1.0,0,0.901763363491199,0.8579397999967088
4478,1979,Graduate,Married,63777.0,1,1,2013-03-24,457,11,1,6,653,70.0,457,35,18,2,Yes,1,21.3,1.0,0,1.240383724798003,0.04524829410096595
4201,1962,Graduate,Single,57967.0,0,1,2013-03-03,229,4,2,8,468,48.9,229,52,14,1,Yes,1,21.9,1.0,1,0.08257698384645416,0.5053223645837117
10084,1972,Graduate,Married,24434.0,2,0,2014-05-18,3,2,1,2,50,6.0,3,42,5,2,Yes,1,7.5,1.0,1,-2.254398194476246,-0.432848832592387
7004,1984,Graduate,Single,11012.0,1,0,2013-03-16,24,3,1,2,84,28.6,24,30,6,1,Yes,1,21.5,1.0,1,-1.37713175794482,0.7885541119889418
9817,1970,Postgraduate,Single,44802.0,0,0,2012-08-21,853,9,4,12,1049,81.3,853,44,25,0,No,0,28.3,2.0,0,2.970584760993372,0.6931975768127979
8080,1986,Graduate,Single,26816.0,0,0,2012-08-17,5,0,0,3,22,22.7,5,28,3,0,No,0,28.4,1.0,1,-1.615066031970178,1.6901358087772245
9432,1977,Graduate,Together,118183.75,1,0,2013-02-06,9,3,1,3,62,14.5,9,37,7,1,Yes,1,22.8,1.0,1,-1.554923471107338,1.2295214142157502
8372,1974,Graduate,Married,34421.0,1,0,2013-01-07,3,1,0,2,30,10.0,3,40,3,1,Yes,1,23.8,1.0,1,-1.964843393479525,1.3950077451360283
10870,1967,Graduate,Married,61223.0,0,1,2013-06-13,709,9,3,4,1341,52.9,709,47,16,1,Yes,1,18.6,1.0,0,1.1735883674024599,0.020592046417502157
4001,1946,Postgraduate,Together,64014.0,2,1,2014-10-06,406,8,2,5,444,91.4,406,68,15,3,Yes,1,2.8,2.0,0,0.8540829638147042,-2.587149325551144
7270,1981,Graduate,Divorced,56981.0,0,0,2014-01-25,908,2,3,13,1241,73.2,908,33,18,0,No,0,11.2,1.0,0,1.9317079462484046,-1.2459863291088753
8235,1956,Postgraduate,Together,69245.0,0,1,2014-01-24,428,6,5,10,843,50.8,428,58,21,1,Yes,1,11.2,2.0,0,0.8407647855465726,-0.7398446576897529
9405,1954,Postgraduate,Married,52869.0,1,1,2012-10-15,84,3,1,4,172,48.8,84,60,8,2,Yes,1,26.5,2.0,1,-0.5969756496259243,1.000373809195526
